city_name,city_slug,city_url,category_url,http_status,html_bytes,poi_link_count,unique_poi_link_count,strict_match_count,broad_match_count,elapsed_seconds,error
阿坝藏族羌族自治州,aba,http://poi.mapbar.com/aba/,http://poi.mapbar.com/aba/D30/,200,62458,280,280,0,2,2.049,
阿克苏地区,akesu,http://poi.mapbar.com/akesu/,http://poi.mapbar.com/akesu/D30/,200,97052,613,613,3,4,2.129,
阿拉尔市,alaer,http://poi.mapbar.com/alaer/,http://poi.mapbar.com/alaer/D30/,200,36067,62,62,0,0,2.086,
阿拉善盟,alashanmeng,http://poi.mapbar.com/alashanmeng/,http://poi.mapbar.com/alashanmeng/D30/,200,55490,199,199,1,1,2.084,
阿勒泰地区,aletai,http://poi.mapbar.com/aletai/,http://poi.mapbar.com/aletai/D30/,200,54845,196,196,0,1,2.174,
阿里地区,ali,http://poi.mapbar.com/ali/,http://poi.mapbar.com/ali/D30/,200,22311,11,11,0,1,2.115,
安康市,ankang,http://poi.mapbar.com/ankang/,http://poi.mapbar.com/ankang/D30/,200,80483,414,414,2,9,2.583,
安庆市,anqing,http://poi.mapbar.com/anqing/,http://poi.mapbar.com/anqing/D30/,200,136851,987,987,4,18,2.94,
鞍山市,anshan,http://poi.mapbar.com/anshan/,http://poi.mapbar.com/anshan/D30/,200,199038,1505,1505,4,12,0.808,
安顺市,anshun,http://poi.mapbar.com/anshun/,http://poi.mapbar.com/anshun/D30/,,,0,0,0,0,0.552,HTTPError('404 Client Error: Not Found for url: https://poi.mapbar.com/anshun/D30/')
安阳市,anyang,http://poi.mapbar.com/anyang/,http://poi.mapbar.com/anyang/D30/,,,0,0,0,0,0.713,HTTPError('404 Client Error: Not Found for url: https://poi.mapbar.com/anyang/D30/')
白城市,baicheng,http://poi.mapbar.com/baicheng/,http://poi.mapbar.com/baicheng/D30/,,,0,0,0,0,0.812,HTTPError('404 Client Error: Not Found for url: https://poi.mapbar.com/baicheng/D30/')
百色市,baise,http://poi.mapbar.com/baise/,http://poi.mapbar.com/baise/D30/,,,0,0,0,0,0.927,HTTPError('404 Client Error: Not Found for url: https://poi.mapbar.com/baise/D30/')
白沙黎族自治县,baisha,http://poi.mapbar.com/baisha/,http://poi.mapbar.com/baisha/D30/,,,0,0,0,0,1.019,HTTPError('404 Client Error: Not Found for url: https://poi.mapbar.com/baisha/D30/')
白山市,baishan,http://poi.mapbar.com/baishan/,http://poi.mapbar.com/baishan/D30/,,,0,0,0,0,0.756,HTTPError('404 Client Error: Not Found for url: https://poi.mapbar.com/baishan/D30/')
白银市,baiyin,http://poi.mapbar.com/baiyin/,http://poi.mapbar.com/baiyin/D30/,,,0,0,0,0,0.849,HTTPError('404 Client Error: Not Found for url: https://poi.mapbar.com/baiyin/D30/')
保定市,baoding,http://poi.mapbar.com/baoding/,http://poi.mapbar.com/baoding/D30/,,,0,0,0,0,0.822,HTTPError('404 Client Error: Not Found for url: https://poi.mapbar.com/baoding/D30/')
宝鸡市,baoji,http://poi.mapbar.com/baoji/,http://poi.mapbar.com/baoji/D30/,,,0,0,0,0,0.896,HTTPError('404 Client Error: Not Found for url: https://poi.mapbar.com/baoji/D30/')
保山市,baoshan,http://poi.mapbar.com/baoshan/,http://poi.mapbar.com/baoshan/D30/,,,0,0,0,0,0.976,HTTPError('404 Client Error: Not Found for url: https://poi.mapbar.com/baoshan/D30/')
保亭黎族苗族自治县,baoting,http://poi.mapbar.com/baoting/,http://poi.mapbar.com/baoting/D30/,,,0,0,0,0,1.09,HTTPError('404 Client Error: Not Found for url: https://poi.mapbar.com/baoting/D30/')
包头市,baotou,http://poi.mapbar.com/baotou/,http://poi.mapbar.com/baotou/D30/,,,0,0,0,0,1.109,HTTPError('404 Client Error: Not Found for url: https://poi.mapbar.com/baotou/D30/')
巴彦淖尔市,bayannaoer,http://poi.mapbar.com/bayannaoer/,http://poi.mapbar.com/bayannaoer/D30/,,,0,0,0,0,1.114,HTTPError('404 Client Error: Not Found for url: https://poi.mapbar.com/bayannaoer/D30/')
巴音郭楞蒙古自治州,bayinguole,http://poi.mapbar.com/bayinguole/,http://poi.mapbar.com/bayinguole/D30/,,,0,0,0,0,1.13,HTTPError('404 Client Error: Not Found for url: https://poi.mapbar.com/bayinguole/D30/')
巴中市,bazhong,http://poi.mapbar.com/bazhong/,http://poi.mapbar.com/bazhong/D30/,,,0,0,0,0,1.112,HTTPError('404 Client Error: Not Found for url: https://poi.mapbar.com/bazhong/D30/')
北海市,beihai,http://poi.mapbar.com/beihai/,http://poi.mapbar.com/beihai/D30/,,,0,0,0,0,1.108,HTTPError('404 Client Error: Not Found for url: https://poi.mapbar.com/beihai/D30/')
北京市,beijing,http://poi.mapbar.com/beijing/,http://poi.mapbar.com/beijing/D30/,,,0,0,0,0,1.111,HTTPError('404 Client Error: Not Found for url: https://poi.mapbar.com/beijing/D30/')
北屯市,beitun,http://poi.mapbar.com/beitun/,http://poi.mapbar.com/beitun/D30/,,,0,0,0,0,1.116,HTTPError('404 Client Error: Not Found for url: https://poi.mapbar.com/beitun/D30/')
蚌埠市,bengbu,http://poi.mapbar.com/bengbu/,http://poi.mapbar.com/bengbu/D30/,,,0,0,0,0,1.118,HTTPError('404 Client Error: Not Found for url: https://poi.mapbar.com/bengbu/D30/')
本溪市,benxi,http://poi.mapbar.com/benxi/,http://poi.mapbar.com/benxi/D30/,,,0,0,0,0,1.117,HTTPError('404 Client Error: Not Found for url: https://poi.mapbar.com/benxi/D30/')
毕节市,bijie,http://poi.mapbar.com/bijie/,http://poi.mapbar.com/bijie/D30/,,,0,0,0,0,1.12,HTTPError('404 Client Error: Not Found for url: https://poi.mapbar.com/bijie/D30/')
滨州市,binzhou,http://poi.mapbar.com/binzhou/,http://poi.mapbar.com/binzhou/D30/,,,0,0,0,0,1.114,HTTPError('404 Client Error: Not Found for url: https://poi.mapbar.com/binzhou/D30/')
博尔塔拉蒙古自治州,boertala,http://poi.mapbar.com/boertala/,http://poi.mapbar.com/boertala/D30/,,,0,0,0,0,1.115,HTTPError('404 Client Error: Not Found for url: https://poi.mapbar.com/boertala/D30/')
亳州市,bozhou,http://poi.mapbar.com/bozhou/,http://poi.mapbar.com/bozhou/D30/,,,0,0,0,0,1.134,HTTPError('404 Client Error: Not Found for url: https://poi.mapbar.com/bozhou/D30/')
沧州市,cangzhou,http://poi.mapbar.com/cangzhou/,http://poi.mapbar.com/cangzhou/D30/,,,0,0,0,0,1.119,HTTPError('404 Client Error: Not Found for url: https://poi.mapbar.com/cangzhou/D30/')
长春市,changchun,http://poi.mapbar.com/changchun/,http://poi.mapbar.com/changchun/D30/,,,0,0,0,0,1.117,HTTPError('404 Client Error: Not Found for url: https://poi.mapbar.com/changchun/D30/')
常德市,changde,http://poi.mapbar.com/changde/,http://poi.mapbar.com/changde/D30/,,,0,0,0,0,1.121,HTTPError('404 Client Error: Not Found for url: https://poi.mapbar.com/changde/D30/')
昌都市,changdu,http://poi.mapbar.com/changdu/,http://poi.mapbar.com/changdu/D30/,,,0,0,0,0,1.131,HTTPError('404 Client Error: Not Found for url: https://poi.mapbar.com/changdu/D30/')
昌吉回族自治州,changji,http://poi.mapbar.com/changji/,http://poi.mapbar.com/changji/D30/,,,0,0,0,0,1.126,HTTPError('404 Client Error: Not Found for url: https://poi.mapbar.com/changji/D30/')
昌江黎族自治县,changjiang,http://poi.mapbar.com/changjiang/,http://poi.mapbar.com/changjiang/D30/,,,0,0,0,0,1.12,HTTPError('404 Client Error: Not Found for url: https://poi.mapbar.com/changjiang/D30/')
长沙市,changsha,http://poi.mapbar.com/changsha/,http://poi.mapbar.com/changsha/D30/,,,0,0,0,0,1.13,HTTPError('404 Client Error: Not Found for url: https://poi.mapbar.com/changsha/D30/')
长治市,changzhi,http://poi.mapbar.com/changzhi/,http://poi.mapbar.com/changzhi/D30/,,,0,0,0,0,1.127,HTTPError('404 Client Error: Not Found for url: https://poi.mapbar.com/changzhi/D30/')
常州市,changzhou,http://poi.mapbar.com/changzhou/,http://poi.mapbar.com/changzhou/D30/,,,0,0,0,0,1.131,HTTPError('404 Client Error: Not Found for url: https://poi.mapbar.com/changzhou/D30/')
朝阳市,chaoyang,http://poi.mapbar.com/chaoyang/,http://poi.mapbar.com/chaoyang/D30/,,,0,0,0,0,1.124,HTTPError('404 Client Error: Not Found for url: https://poi.mapbar.com/chaoyang/D30/')
潮州市,chaozhou,http://poi.mapbar.com/chaozhou/,http://poi.mapbar.com/chaozhou/D30/,,,0,0,0,0,1.123,HTTPError('404 Client Error: Not Found for url: https://poi.mapbar.com/chaozhou/D30/')
承德市,chengde,http://poi.mapbar.com/chengde/,http://poi.mapbar.com/chengde/D30/,,,0,0,0,0,1.102,HTTPError('404 Client Error: Not Found for url: https://poi.mapbar.com/chengde/D30/')
成都市,chengdu,http://poi.mapbar.com/chengdu/,http://poi.mapbar.com/chengdu/D30/,,,0,0,0,0,1.116,HTTPError('404 Client Error: Not Found for url: https://poi.mapbar.com/chengdu/D30/')
澄迈县,chengmai,http://poi.mapbar.com/chengmai/,http://poi.mapbar.com/chengmai/D30/,,,0,0,0,0,1.107,HTTPError('404 Client Error: Not Found for url: https://poi.mapbar.com/chengmai/D30/')
郴州市,chenzhou,http://poi.mapbar.com/chenzhou/,http://poi.mapbar.com/chenzhou/D30/,,,0,0,0,0,1.122,HTTPError('404 Client Error: Not Found for url: https://poi.mapbar.com/chenzhou/D30/')
赤峰市,chifeng,http://poi.mapbar.com/chifeng/,http://poi.mapbar.com/chifeng/D30/,,,0,0,0,0,1.118,HTTPError('404 Client Error: Not Found for url: https://poi.mapbar.com/chifeng/D30/')
池州市,chizhou,http://poi.mapbar.com/chizhou/,http://poi.mapbar.com/chizhou/D30/,,,0,0,0,0,1.123,HTTPError('404 Client Error: Not Found for url: https://poi.mapbar.com/chizhou/D30/')
重庆市,chongqing,http://poi.mapbar.com/chongqing/,http://poi.mapbar.com/chongqing/D30/,,,0,0,0,0,1.114,HTTPError('404 Client Error: Not Found for url: https://poi.mapbar.com/chongqing/D30/')
崇左市,chongzuo,http://poi.mapbar.com/chongzuo/,http://poi.mapbar.com/chongzuo/D30/,,,0,0,0,0,1.119,HTTPError('404 Client Error: Not Found for url: https://poi.mapbar.com/chongzuo/D30/')
楚雄彝族自治州,chuxiong,http://poi.mapbar.com/chuxiong/,http://poi.mapbar.com/chuxiong/D30/,,,0,0,0,0,1.14,HTTPError('404 Client Error: Not Found for url: https://poi.mapbar.com/chuxiong/D30/')
滁州市,chuzhou,http://poi.mapbar.com/chuzhou/,http://poi.mapbar.com/chuzhou/D30/,,,0,0,0,0,1.125,HTTPError('404 Client Error: Not Found for url: https://poi.mapbar.com/chuzhou/D30/')
大理白族自治州,dali,http://poi.mapbar.com/dali/,http://poi.mapbar.com/dali/D30/,,,0,0,0,0,1.137,HTTPError('404 Client Error: Not Found for url: https://poi.mapbar.com/dali/D30/')
大连市,dalian,http://poi.mapbar.com/dalian/,http://poi.mapbar.com/dalian/D30/,,,0,0,0,0,1.125,HTTPError('404 Client Error: Not Found for url: https://poi.mapbar.com/dalian/D30/')
丹东市,dandong,http://poi.mapbar.com/dandong/,http://poi.mapbar.com/dandong/D30/,,,0,0,0,0,1.11,HTTPError('404 Client Error: Not Found for url: https://poi.mapbar.com/dandong/D30/')
儋州市,danzhou,http://poi.mapbar.com/danzhou/,http://poi.mapbar.com/danzhou/D30/,,,0,0,0,0,1.104,HTTPError('404 Client Error: Not Found for url: https://poi.mapbar.com/danzhou/D30/')
大庆市,daqing,http://poi.mapbar.com/daqing/,http://poi.mapbar.com/daqing/D30/,,,0,0,0,0,1.124,HTTPError('404 Client Error: Not Found for url: https://poi.mapbar.com/daqing/D30/')
大同市,datong,http://poi.mapbar.com/datong/,http://poi.mapbar.com/datong/D30/,,,0,0,0,0,1.116,HTTPError('404 Client Error: Not Found for url: https://poi.mapbar.com/datong/D30/')
大兴安岭地区,daxinganling,http://poi.mapbar.com/daxinganling/,http://poi.mapbar.com/daxinganling/D30/,,,0,0,0,0,1.105,HTTPError('404 Client Error: Not Found for url: https://poi.mapbar.com/daxinganling/D30/')
达州市,dazhou,http://poi.mapbar.com/dazhou/,http://poi.mapbar.com/dazhou/D30/,,,0,0,0,0,1.11,HTTPError('404 Client Error: Not Found for url: https://poi.mapbar.com/dazhou/D30/')
德宏傣族景颇族自治州,dehong,http://poi.mapbar.com/dehong/,http://poi.mapbar.com/dehong/D30/,,,0,0,0,0,1.102,HTTPError('404 Client Error: Not Found for url: https://poi.mapbar.com/dehong/D30/')
德阳市,deyang,http://poi.mapbar.com/deyang/,http://poi.mapbar.com/deyang/D30/,,,0,0,0,0,1.099,HTTPError('404 Client Error: Not Found for url: https://poi.mapbar.com/deyang/D30/')
德州市,dezhou,http://poi.mapbar.com/dezhou/,http://poi.mapbar.com/dezhou/D30/,,,0,0,0,0,1.125,HTTPError('404 Client Error: Not Found for url: https://poi.mapbar.com/dezhou/D30/')
定安县,dingan,http://poi.mapbar.com/dingan/,http://poi.mapbar.com/dingan/D30/,,,0,0,0,0,1.124,HTTPError('404 Client Error: Not Found for url: https://poi.mapbar.com/dingan/D30/')
定西市,dingxi,http://poi.mapbar.com/dingxi/,http://poi.mapbar.com/dingxi/D30/,,,0,0,0,0,1.108,HTTPError('404 Client Error: Not Found for url: https://poi.mapbar.com/dingxi/D30/')
迪庆藏族自治州,diqing,http://poi.mapbar.com/diqing/,http://poi.mapbar.com/diqing/D30/,,,0,0,0,0,1.127,HTTPError('404 Client Error: Not Found for url: https://poi.mapbar.com/diqing/D30/')
东方市,dongfang,http://poi.mapbar.com/dongfang/,http://poi.mapbar.com/dongfang/D30/,,,0,0,0,0,1.134,HTTPError('404 Client Error: Not Found for url: https://poi.mapbar.com/dongfang/D30/')
东莞市,dongguan,http://poi.mapbar.com/dongguan/,http://poi.mapbar.com/dongguan/D30/,,,0,0,0,0,1.128,HTTPError('404 Client Error: Not Found for url: https://poi.mapbar.com/dongguan/D30/')
东营市,dongying,http://poi.mapbar.com/dongying/,http://poi.mapbar.com/dongying/D30/,,,0,0,0,0,1.119,HTTPError('404 Client Error: Not Found for url: https://poi.mapbar.com/dongying/D30/')
鄂尔多斯市,eerduosi,http://poi.mapbar.com/eerduosi/,http://poi.mapbar.com/eerduosi/D30/,,,0,0,0,0,1.118,HTTPError('404 Client Error: Not Found for url: https://poi.mapbar.com/eerduosi/D30/')
恩施土家族苗族自治州,enshi,http://poi.mapbar.com/enshi/,http://poi.mapbar.com/enshi/D30/,,,0,0,0,0,1.123,HTTPError('404 Client Error: Not Found for url: https://poi.mapbar.com/enshi/D30/')
鄂州市,ezhou,http://poi.mapbar.com/ezhou/,http://poi.mapbar.com/ezhou/D30/,,,0,0,0,0,1.115,HTTPError('404 Client Error: Not Found for url: https://poi.mapbar.com/ezhou/D30/')
防城港市,fangchenggang,http://poi.mapbar.com/fangchenggang/,http://poi.mapbar.com/fangchenggang/D30/,,,0,0,0,0,1.123,HTTPError('404 Client Error: Not Found for url: https://poi.mapbar.com/fangchenggang/D30/')
佛山市,foshan,http://poi.mapbar.com/foshan/,http://poi.mapbar.com/foshan/D30/,,,0,0,0,0,1.113,HTTPError('404 Client Error: Not Found for url: https://poi.mapbar.com/foshan/D30/')
抚顺市,fushun,http://poi.mapbar.com/fushun/,http://poi.mapbar.com/fushun/D30/,,,0,0,0,0,1.112,HTTPError('404 Client Error: Not Found for url: https://poi.mapbar.com/fushun/D30/')
阜新市,fuxin,http://poi.mapbar.com/fuxin/,http://poi.mapbar.com/fuxin/D30/,,,0,0,0,0,1.126,HTTPError('404 Client Error: Not Found for url: https://poi.mapbar.com/fuxin/D30/')
阜阳市,fuyang,http://poi.mapbar.com/fuyang/,http://poi.mapbar.com/fuyang/D30/,,,0,0,0,0,1.127,HTTPError('404 Client Error: Not Found for url: https://poi.mapbar.com/fuyang/D30/')
福州市,fuzhou1,http://poi.mapbar.com/fuzhou1/,http://poi.mapbar.com/fuzhou1/D30/,,,0,0,0,0,1.125,HTTPError('404 Client Error: Not Found for url: https://poi.mapbar.com/fuzhou1/D30/')
抚州市,fuzhou2,http://poi.mapbar.com/fuzhou2/,http://poi.mapbar.com/fuzhou2/D30/,,,0,0,0,0,1.119,HTTPError('404 Client Error: Not Found for url: https://poi.mapbar.com/fuzhou2/D30/')
甘南藏族自治州,gannan,http://poi.mapbar.com/gannan/,http://poi.mapbar.com/gannan/D30/,,,0,0,0,0,1.124,HTTPError('404 Client Error: Not Found for url: https://poi.mapbar.com/gannan/D30/')
赣州市,ganzhou,http://poi.mapbar.com/ganzhou/,http://poi.mapbar.com/ganzhou/D30/,,,0,0,0,0,1.131,HTTPError('404 Client Error: Not Found for url: https://poi.mapbar.com/ganzhou/D30/')
甘孜藏族自治州,ganzi,http://poi.mapbar.com/ganzi/,http://poi.mapbar.com/ganzi/D30/,,,0,0,0,0,1.125,HTTPError('404 Client Error: Not Found for url: https://poi.mapbar.com/ganzi/D30/')
广安市,guangan,http://poi.mapbar.com/guangan/,http://poi.mapbar.com/guangan/D30/,,,0,0,0,0,1.125,HTTPError('404 Client Error: Not Found for url: https://poi.mapbar.com/guangan/D30/')
广元市,guangyuan,http://poi.mapbar.com/guangyuan/,http://poi.mapbar.com/guangyuan/D30/,,,0,0,0,0,1.107,HTTPError('404 Client Error: Not Found for url: https://poi.mapbar.com/guangyuan/D30/')
广州市,guangzhou,http://poi.mapbar.com/guangzhou/,http://poi.mapbar.com/guangzhou/D30/,,,0,0,0,0,1.131,HTTPError('404 Client Error: Not Found for url: https://poi.mapbar.com/guangzhou/D30/')
贵港市,guigang,http://poi.mapbar.com/guigang/,http://poi.mapbar.com/guigang/D30/,,,0,0,0,0,1.123,HTTPError('404 Client Error: Not Found for url: https://poi.mapbar.com/guigang/D30/')
桂林市,guilin,http://poi.mapbar.com/guilin/,http://poi.mapbar.com/guilin/D30/,,,0,0,0,0,1.118,HTTPError('404 Client Error: Not Found for url: https://poi.mapbar.com/guilin/D30/')
贵阳市,guiyang,http://poi.mapbar.com/guiyang/,http://poi.mapbar.com/guiyang/D30/,,,0,0,0,0,1.131,HTTPError('404 Client Error: Not Found for url: https://poi.mapbar.com/guiyang/D30/')
果洛藏族自治州,guoluo,http://poi.mapbar.com/guoluo/,http://poi.mapbar.com/guoluo/D30/,,,0,0,0,0,1.116,HTTPError('404 Client Error: Not Found for url: https://poi.mapbar.com/guoluo/D30/')
固原市,guyuan,http://poi.mapbar.com/guyuan/,http://poi.mapbar.com/guyuan/D30/,,,0,0,0,0,1.116,HTTPError('404 Client Error: Not Found for url: https://poi.mapbar.com/guyuan/D30/')
哈尔滨市,haerbin,http://poi.mapbar.com/haerbin/,http://poi.mapbar.com/haerbin/D30/,,,0,0,0,0,1.122,HTTPError('404 Client Error: Not Found for url: https://poi.mapbar.com/haerbin/D30/')
海北藏族自治州,haibei,http://poi.mapbar.com/haibei/,http://poi.mapbar.com/haibei/D30/,,,0,0,0,0,1.138,HTTPError('404 Client Error: Not Found for url: https://poi.mapbar.com/haibei/D30/')
海东市,haidong,http://poi.mapbar.com/haidong/,http://poi.mapbar.com/haidong/D30/,,,0,0,0,0,1.124,HTTPError('404 Client Error: Not Found for url: https://poi.mapbar.com/haidong/D30/')
海口市,haikou,http://poi.mapbar.com/haikou/,http://poi.mapbar.com/haikou/D30/,,,0,0,0,0,1.128,HTTPError('404 Client Error: Not Found for url: https://poi.mapbar.com/haikou/D30/')
海南藏族自治州,hainan,http://poi.mapbar.com/hainan/,http://poi.mapbar.com/hainan/D30/,,,0,0,0,0,1.105,HTTPError('404 Client Error: Not Found for url: https://poi.mapbar.com/hainan/D30/')
海西蒙古族藏族自治州,haixi,http://poi.mapbar.com/haixi/,http://poi.mapbar.com/haixi/D30/,,,0,0,0,0,1.112,HTTPError('404 Client Error: Not Found for url: https://poi.mapbar.com/haixi/D30/')
哈密市,hami,http://poi.mapbar.com/hami/,http://poi.mapbar.com/hami/D30/,,,0,0,0,0,1.112,HTTPError('404 Client Error: Not Found for url: https://poi.mapbar.com/hami/D30/')
邯郸市,handan,http://poi.mapbar.com/handan/,http://poi.mapbar.com/handan/D30/,,,0,0,0,0,1.132,HTTPError('404 Client Error: Not Found for url: https://poi.mapbar.com/handan/D30/')
杭州市,hangzhou,http://poi.mapbar.com/hangzhou/,http://poi.mapbar.com/hangzhou/D30/,,,0,0,0,0,1.117,HTTPError('404 Client Error: Not Found for url: https://poi.mapbar.com/hangzhou/D30/')
汉中市,hanzhong,http://poi.mapbar.com/hanzhong/,http://poi.mapbar.com/hanzhong/D30/,,,0,0,0,0,1.099,HTTPError('404 Client Error: Not Found for url: https://poi.mapbar.com/hanzhong/D30/')
鹤壁市,hebi,http://poi.mapbar.com/hebi/,http://poi.mapbar.com/hebi/D30/,,,0,0,0,0,1.101,HTTPError('404 Client Error: Not Found for url: https://poi.mapbar.com/hebi/D30/')
河池市,hechi,http://poi.mapbar.com/hechi/,http://poi.mapbar.com/hechi/D30/,,,0,0,0,0,1.106,HTTPError('404 Client Error: Not Found for url: https://poi.mapbar.com/hechi/D30/')
合肥市,hefei,http://poi.mapbar.com/hefei/,http://poi.mapbar.com/hefei/D30/,,,0,0,0,0,1.132,HTTPError('404 Client Error: Not Found for url: https://poi.mapbar.com/hefei/D30/')
鹤岗市,hegang,http://poi.mapbar.com/hegang/,http://poi.mapbar.com/hegang/D30/,,,0,0,0,0,1.119,HTTPError('404 Client Error: Not Found for url: https://poi.mapbar.com/hegang/D30/')
黑河市,heihe,http://poi.mapbar.com/heihe/,http://poi.mapbar.com/heihe/D30/,,,0,0,0,0,1.136,HTTPError('404 Client Error: Not Found for url: https://poi.mapbar.com/heihe/D30/')
衡水市,hengshui,http://poi.mapbar.com/hengshui/,http://poi.mapbar.com/hengshui/D30/,,,0,0,0,0,1.118,HTTPError('404 Client Error: Not Found for url: https://poi.mapbar.com/hengshui/D30/')
衡阳市,hengyang,http://poi.mapbar.com/hengyang/,http://poi.mapbar.com/hengyang/D30/,,,0,0,0,0,1.116,HTTPError('404 Client Error: Not Found for url: https://poi.mapbar.com/hengyang/D30/')
和田地区,hetian,http://poi.mapbar.com/hetian/,http://poi.mapbar.com/hetian/D30/,,,0,0,0,0,1.125,HTTPError('404 Client Error: Not Found for url: https://poi.mapbar.com/hetian/D30/')
河源市,heyuan,http://poi.mapbar.com/heyuan/,http://poi.mapbar.com/heyuan/D30/,,,0,0,0,0,1.129,HTTPError('404 Client Error: Not Found for url: https://poi.mapbar.com/heyuan/D30/')
菏泽市,heze,http://poi.mapbar.com/heze/,http://poi.mapbar.com/heze/D30/,,,0,0,0,0,1.127,HTTPError('404 Client Error: Not Found for url: https://poi.mapbar.com/heze/D30/')
贺州市,hezhou,http://poi.mapbar.com/hezhou/,http://poi.mapbar.com/hezhou/D30/,,,0,0,0,0,1.119,HTTPError('404 Client Error: Not Found for url: https://poi.mapbar.com/hezhou/D30/')
红河哈尼族彝族自治州,honghe,http://poi.mapbar.com/honghe/,http://poi.mapbar.com/honghe/D30/,,,0,0,0,0,1.118,HTTPError('404 Client Error: Not Found for url: https://poi.mapbar.com/honghe/D30/')
香港特别行政区,hongkong,http://poi.mapbar.com/hongkong/,http://poi.mapbar.com/hongkong/D30/,,,0,0,0,0,1.318,HTTPError('404 Client Error: Not Found for url: https://poi.mapbar.com')
淮安市,huaian,http://poi.mapbar.com/huaian/,http://poi.mapbar.com/huaian/D30/,,,0,0,0,0,1.113,HTTPError('404 Client Error: Not Found for url: https://poi.mapbar.com/huaian/D30/')
淮北市,huaibei,http://poi.mapbar.com/huaibei/,http://poi.mapbar.com/huaibei/D30/,,,0,0,0,0,1.129,HTTPError('404 Client Error: Not Found for url: https://poi.mapbar.com/huaibei/D30/')
怀化市,huaihua,http://poi.mapbar.com/huaihua/,http://poi.mapbar.com/huaihua/D30/,,,0,0,0,0,1.129,HTTPError('404 Client Error: Not Found for url: https://poi.mapbar.com/huaihua/D30/')
淮南市,huainan,http://poi.mapbar.com/huainan/,http://poi.mapbar.com/huainan/D30/,,,0,0,0,0,1.111,HTTPError('404 Client Error: Not Found for url: https://poi.mapbar.com/huainan/D30/')
黄冈市,huanggang,http://poi.mapbar.com/huanggang/,http://poi.mapbar.com/huanggang/D30/,,,0,0,0,0,1.123,HTTPError('404 Client Error: Not Found for url: https://poi.mapbar.com/huanggang/D30/')
黄南藏族自治州,huangnan,http://poi.mapbar.com/huangnan/,http://poi.mapbar.com/huangnan/D30/,,,0,0,0,0,1.11,HTTPError('404 Client Error: Not Found for url: https://poi.mapbar.com/huangnan/D30/')
黄山市,huangshan,http://poi.mapbar.com/huangshan/,http://poi.mapbar.com/huangshan/D30/,,,0,0,0,0,1.13,HTTPError('404 Client Error: Not Found for url: https://poi.mapbar.com/huangshan/D30/')
黄石市,huangshi,http://poi.mapbar.com/huangshi/,http://poi.mapbar.com/huangshi/D30/,,,0,0,0,0,0.99,HTTPError('404 Client Error: Not Found for url: https://poi.mapbar.com/huangshi/D30/')
呼和浩特市,huhehaote,http://poi.mapbar.com/huhehaote/,http://poi.mapbar.com/huhehaote/D30/,,,0,0,0,0,1.044,HTTPError('404 Client Error: Not Found for url: https://poi.mapbar.com/huhehaote/D30/')
惠州市,huizhou,http://poi.mapbar.com/huizhou/,http://poi.mapbar.com/huizhou/D30/,,,0,0,0,0,1.11,HTTPError('404 Client Error: Not Found for url: https://poi.mapbar.com/huizhou/D30/')
葫芦岛市,huludao,http://poi.mapbar.com/huludao/,http://poi.mapbar.com/huludao/D30/,,,0,0,0,0,1.111,HTTPError('404 Client Error: Not Found for url: https://poi.mapbar.com/huludao/D30/')
呼伦贝尔市,hulunbeier,http://poi.mapbar.com/hulunbeier/,http://poi.mapbar.com/hulunbeier/D30/,,,0,0,0,0,1.134,HTTPError('404 Client Error: Not Found for url: https://poi.mapbar.com/hulunbeier/D30/')
胡杨河市,huyanghe,http://poi.mapbar.com/huyanghe/,http://poi.mapbar.com/huyanghe/D30/,,,0,0,0,0,1.125,HTTPError('404 Client Error: Not Found for url: https://poi.mapbar.com/huyanghe/D30/')
湖州市,huzhou,http://poi.mapbar.com/huzhou/,http://poi.mapbar.com/huzhou/D30/,,,0,0,0,0,1.132,HTTPError('404 Client Error: Not Found for url: https://poi.mapbar.com/huzhou/D30/')
佳木斯市,jiamusi,http://poi.mapbar.com/jiamusi/,http://poi.mapbar.com/jiamusi/D30/,,,0,0,0,0,1.113,HTTPError('404 Client Error: Not Found for url: https://poi.mapbar.com/jiamusi/D30/')
吉安市,jian,http://poi.mapbar.com/jian/,http://poi.mapbar.com/jian/D30/,,,0,0,0,0,1.114,HTTPError('404 Client Error: Not Found for url: https://poi.mapbar.com/jian/D30/')
江门市,jiangmen,http://poi.mapbar.com/jiangmen/,http://poi.mapbar.com/jiangmen/D30/,,,0,0,0,0,1.124,HTTPError('404 Client Error: Not Found for url: https://poi.mapbar.com/jiangmen/D30/')
焦作市,jiaozuo,http://poi.mapbar.com/jiaozuo/,http://poi.mapbar.com/jiaozuo/D30/,,,0,0,0,0,1.132,HTTPError('404 Client Error: Not Found for url: https://poi.mapbar.com/jiaozuo/D30/')
嘉兴市,jiaxing,http://poi.mapbar.com/jiaxing/,http://poi.mapbar.com/jiaxing/D30/,,,0,0,0,0,1.116,HTTPError('404 Client Error: Not Found for url: https://poi.mapbar.com/jiaxing/D30/')
嘉峪关市,jiayuguan,http://poi.mapbar.com/jiayuguan/,http://poi.mapbar.com/jiayuguan/D30/,,,0,0,0,0,1.114,HTTPError('404 Client Error: Not Found for url: https://poi.mapbar.com/jiayuguan/D30/')
揭阳市,jieyang,http://poi.mapbar.com/jieyang/,http://poi.mapbar.com/jieyang/D30/,,,0,0,0,0,1.115,HTTPError('404 Client Error: Not Found for url: https://poi.mapbar.com/jieyang/D30/')
吉林市,jilin,http://poi.mapbar.com/jilin/,http://poi.mapbar.com/jilin/D30/,,,0,0,0,0,1.13,HTTPError('404 Client Error: Not Found for url: https://poi.mapbar.com/jilin/D30/')
济南市,jinan,http://poi.mapbar.com/jinan/,http://poi.mapbar.com/jinan/D30/,,,0,0,0,0,1.124,HTTPError('404 Client Error: Not Found for url: https://poi.mapbar.com/jinan/D30/')
金昌市,jinchang,http://poi.mapbar.com/jinchang/,http://poi.mapbar.com/jinchang/D30/,,,0,0,0,0,1.115,HTTPError('404 Client Error: Not Found for url: https://poi.mapbar.com/jinchang/D30/')
晋城市,jincheng,http://poi.mapbar.com/jincheng/,http://poi.mapbar.com/jincheng/D30/,,,0,0,0,0,1.145,HTTPError('404 Client Error: Not Found for url: https://poi.mapbar.com/jincheng/D30/')
景德镇市,jingdezhen,http://poi.mapbar.com/jingdezhen/,http://poi.mapbar.com/jingdezhen/D30/,,,0,0,0,0,1.104,HTTPError('404 Client Error: Not Found for url: https://poi.mapbar.com/jingdezhen/D30/')
荆门市,jingmen,http://poi.mapbar.com/jingmen/,http://poi.mapbar.com/jingmen/D30/,,,0,0,0,0,1.125,HTTPError('404 Client Error: Not Found for url: https://poi.mapbar.com/jingmen/D30/')
荆州市,jingzhou,http://poi.mapbar.com/jingzhou/,http://poi.mapbar.com/jingzhou/D30/,,,0,0,0,0,1.109,HTTPError('404 Client Error: Not Found for url: https://poi.mapbar.com/jingzhou/D30/')
金华市,jinhua,http://poi.mapbar.com/jinhua/,http://poi.mapbar.com/jinhua/D30/,,,0,0,0,0,1.111,HTTPError('404 Client Error: Not Found for url: https://poi.mapbar.com/jinhua/D30/')
济宁市,jining,http://poi.mapbar.com/jining/,http://poi.mapbar.com/jining/D30/,,,0,0,0,0,1.099,HTTPError('404 Client Error: Not Found for url: https://poi.mapbar.com/jining/D30/')
晋中市,jinzhong,http://poi.mapbar.com/jinzhong/,http://poi.mapbar.com/jinzhong/D30/,,,0,0,0,0,1.118,HTTPError('404 Client Error: Not Found for url: https://poi.mapbar.com/jinzhong/D30/')
锦州市,jinzhou,http://poi.mapbar.com/jinzhou/,http://poi.mapbar.com/jinzhou/D30/,,,0,0,0,0,1.124,HTTPError('404 Client Error: Not Found for url: https://poi.mapbar.com/jinzhou/D30/')
九江市,jiujiang,http://poi.mapbar.com/jiujiang/,http://poi.mapbar.com/jiujiang/D30/,,,0,0,0,0,1.094,HTTPError('404 Client Error: Not Found for url: https://poi.mapbar.com/jiujiang/D30/')
酒泉市,jiuquan,http://poi.mapbar.com/jiuquan/,http://poi.mapbar.com/jiuquan/D30/,,,0,0,0,0,1.119,HTTPError('404 Client Error: Not Found for url: https://poi.mapbar.com/jiuquan/D30/')
鸡西市,jixi,http://poi.mapbar.com/jixi/,http://poi.mapbar.com/jixi/D30/,,,0,0,0,0,1.127,HTTPError('404 Client Error: Not Found for url: https://poi.mapbar.com/jixi/D30/')
济源市,jiyuan,http://poi.mapbar.com/jiyuan/,http://poi.mapbar.com/jiyuan/D30/,,,0,0,0,0,1.133,HTTPError('404 Client Error: Not Found for url: https://poi.mapbar.com/jiyuan/D30/')
开封市,kaifeng,http://poi.mapbar.com/kaifeng/,http://poi.mapbar.com/kaifeng/D30/,,,0,0,0,0,1.128,HTTPError('404 Client Error: Not Found for url: https://poi.mapbar.com/kaifeng/D30/')
喀什地区,kashen,http://poi.mapbar.com/kashen/,http://poi.mapbar.com/kashen/D30/,,,0,0,0,0,1.117,HTTPError('404 Client Error: Not Found for url: https://poi.mapbar.com/kashen/D30/')
可克达拉市,kekedala,http://poi.mapbar.com/kekedala/,http://poi.mapbar.com/kekedala/D30/,,,0,0,0,0,1.109,HTTPError('404 Client Error: Not Found for url: https://poi.mapbar.com/kekedala/D30/')
克拉玛依市,kelamayi,http://poi.mapbar.com/kelamayi/,http://poi.mapbar.com/kelamayi/D30/,,,0,0,0,0,1.11,HTTPError('404 Client Error: Not Found for url: https://poi.mapbar.com/kelamayi/D30/')
克孜勒苏柯尔克孜自治州,kezilesu,http://poi.mapbar.com/kezilesu/,http://poi.mapbar.com/kezilesu/D30/,,,0,0,0,0,1.125,HTTPError('404 Client Error: Not Found for url: https://poi.mapbar.com/kezilesu/D30/')
昆明市,kunming,http://poi.mapbar.com/kunming/,http://poi.mapbar.com/kunming/D30/,,,0,0,0,0,1.136,HTTPError('404 Client Error: Not Found for url: https://poi.mapbar.com/kunming/D30/')
昆玉市,kunyu,http://poi.mapbar.com/kunyu/,http://poi.mapbar.com/kunyu/D30/,,,0,0,0,0,1.123,HTTPError('404 Client Error: Not Found for url: https://poi.mapbar.com/kunyu/D30/')
来宾市,laibin,http://poi.mapbar.com/laibin/,http://poi.mapbar.com/laibin/D30/,,,0,0,0,0,1.104,HTTPError('404 Client Error: Not Found for url: https://poi.mapbar.com/laibin/D30/')
廊坊市,langfang,http://poi.mapbar.com/langfang/,http://poi.mapbar.com/langfang/D30/,,,0,0,0,0,1.117,HTTPError('404 Client Error: Not Found for url: https://poi.mapbar.com/langfang/D30/')
兰州市,lanzhou,http://poi.mapbar.com/lanzhou/,http://poi.mapbar.com/lanzhou/D30/,,,0,0,0,0,1.125,HTTPError('404 Client Error: Not Found for url: https://poi.mapbar.com/lanzhou/D30/')
拉萨市,lasa,http://poi.mapbar.com/lasa/,http://poi.mapbar.com/lasa/D30/,,,0,0,0,0,1.118,HTTPError('404 Client Error: Not Found for url: https://poi.mapbar.com/lasa/D30/')
乐东黎族自治县,ledong,http://poi.mapbar.com/ledong/,http://poi.mapbar.com/ledong/D30/,,,0,0,0,0,1.122,HTTPError('404 Client Error: Not Found for url: https://poi.mapbar.com/ledong/D30/')
乐山市,leshan,http://poi.mapbar.com/leshan/,http://poi.mapbar.com/leshan/D30/,,,0,0,0,0,1.121,HTTPError('404 Client Error: Not Found for url: https://poi.mapbar.com/leshan/D30/')
凉山彝族自治州,liangshan,http://poi.mapbar.com/liangshan/,http://poi.mapbar.com/liangshan/D30/,,,0,0,0,0,1.118,HTTPError('404 Client Error: Not Found for url: https://poi.mapbar.com/liangshan/D30/')
连云港市,lianyungang,http://poi.mapbar.com/lianyungang/,http://poi.mapbar.com/lianyungang/D30/,,,0,0,0,0,1.114,HTTPError('404 Client Error: Not Found for url: https://poi.mapbar.com/lianyungang/D30/')
聊城市,liaocheng,http://poi.mapbar.com/liaocheng/,http://poi.mapbar.com/liaocheng/D30/,,,0,0,0,0,1.129,HTTPError('404 Client Error: Not Found for url: https://poi.mapbar.com/liaocheng/D30/')
辽阳市,liaoyang,http://poi.mapbar.com/liaoyang/,http://poi.mapbar.com/liaoyang/D30/,,,0,0,0,0,1.127,HTTPError('404 Client Error: Not Found for url: https://poi.mapbar.com/liaoyang/D30/')
辽源市,liaoyuan,http://poi.mapbar.com/liaoyuan/,http://poi.mapbar.com/liaoyuan/D30/,,,0,0,0,0,1.121,HTTPError('404 Client Error: Not Found for url: https://poi.mapbar.com/liaoyuan/D30/')
丽江市,lijiang,http://poi.mapbar.com/lijiang/,http://poi.mapbar.com/lijiang/D30/,,,0,0,0,0,1.168,HTTPError('404 Client Error: Not Found for url: https://poi.mapbar.com/lijiang/D30/')
临沧市,lincang,http://poi.mapbar.com/lincang/,http://poi.mapbar.com/lincang/D30/,,,0,0,0,0,1.12,HTTPError('404 Client Error: Not Found for url: https://poi.mapbar.com/lincang/D30/')
临汾市,linfen,http://poi.mapbar.com/linfen/,http://poi.mapbar.com/linfen/D30/,,,0,0,0,0,1.121,HTTPError('404 Client Error: Not Found for url: https://poi.mapbar.com/linfen/D30/')
临高县,lingao,http://poi.mapbar.com/lingao/,http://poi.mapbar.com/lingao/D30/,,,0,0,0,0,1.12,HTTPError('404 Client Error: Not Found for url: https://poi.mapbar.com/lingao/D30/')
陵水黎族自治县,lingshui,http://poi.mapbar.com/lingshui/,http://poi.mapbar.com/lingshui/D30/,,,0,0,0,0,1.118,HTTPError('404 Client Error: Not Found for url: https://poi.mapbar.com/lingshui/D30/')
临夏回族自治州,linxia,http://poi.mapbar.com/linxia/,http://poi.mapbar.com/linxia/D30/,,,0,0,0,0,1.112,HTTPError('404 Client Error: Not Found for url: https://poi.mapbar.com/linxia/D30/')
临沂市,linyi,http://poi.mapbar.com/linyi/,http://poi.mapbar.com/linyi/D30/,,,0,0,0,0,1.117,HTTPError('404 Client Error: Not Found for url: https://poi.mapbar.com/linyi/D30/')
林芝市,linzhi,http://poi.mapbar.com/linzhi/,http://poi.mapbar.com/linzhi/D30/,,,0,0,0,0,1.126,HTTPError('404 Client Error: Not Found for url: https://poi.mapbar.com/linzhi/D30/')
丽水市,lishui,http://poi.mapbar.com/lishui/,http://poi.mapbar.com/lishui/D30/,,,0,0,0,0,1.072,HTTPError('404 Client Error: Not Found for url: https://poi.mapbar.com/lishui/D30/')
六安市,liuan,http://poi.mapbar.com/liuan/,http://poi.mapbar.com/liuan/D30/,,,0,0,0,0,1.127,HTTPError('404 Client Error: Not Found for url: https://poi.mapbar.com/liuan/D30/')
六盘水市,liupanshui,http://poi.mapbar.com/liupanshui/,http://poi.mapbar.com/liupanshui/D30/,,,0,0,0,0,1.107,HTTPError('404 Client Error: Not Found for url: https://poi.mapbar.com/liupanshui/D30/')
柳州市,liuzhou,http://poi.mapbar.com/liuzhou/,http://poi.mapbar.com/liuzhou/D30/,,,0,0,0,0,1.122,HTTPError('404 Client Error: Not Found for url: https://poi.mapbar.com/liuzhou/D30/')
陇南市,longnan,http://poi.mapbar.com/longnan/,http://poi.mapbar.com/longnan/D30/,,,0,0,0,0,1.135,HTTPError('404 Client Error: Not Found for url: https://poi.mapbar.com/longnan/D30/')
龙岩市,longyan,http://poi.mapbar.com/longyan/,http://poi.mapbar.com/longyan/D30/,,,0,0,0,0,1.14,HTTPError('404 Client Error: Not Found for url: https://poi.mapbar.com/longyan/D30/')
娄底市,loudi,http://poi.mapbar.com/loudi/,http://poi.mapbar.com/loudi/D30/,,,0,0,0,0,1.129,HTTPError('404 Client Error: Not Found for url: https://poi.mapbar.com/loudi/D30/')
漯河市,luohe,http://poi.mapbar.com/luohe/,http://poi.mapbar.com/luohe/D30/,,,0,0,0,0,1.108,HTTPError('404 Client Error: Not Found for url: https://poi.mapbar.com/luohe/D30/')
洛阳市,luoyang,http://poi.mapbar.com/luoyang/,http://poi.mapbar.com/luoyang/D30/,,,0,0,0,0,1.125,HTTPError('404 Client Error: Not Found for url: https://poi.mapbar.com/luoyang/D30/')
泸州市,luzhou,http://poi.mapbar.com/luzhou/,http://poi.mapbar.com/luzhou/D30/,,,0,0,0,0,1.117,HTTPError('404 Client Error: Not Found for url: https://poi.mapbar.com/luzhou/D30/')
吕梁市,lvliang,http://poi.mapbar.com/lvliang/,http://poi.mapbar.com/lvliang/D30/,,,0,0,0,0,1.127,HTTPError('404 Client Error: Not Found for url: https://poi.mapbar.com/lvliang/D30/')
马鞍山市,maanshan,http://poi.mapbar.com/maanshan/,http://poi.mapbar.com/maanshan/D30/,,,0,0,0,0,1.106,HTTPError('404 Client Error: Not Found for url: https://poi.mapbar.com/maanshan/D30/')
澳门特别行政区,macau,http://poi.mapbar.com/macau/,http://poi.mapbar.com/macau/D30/,,,0,0,0,0,1.109,HTTPError('404 Client Error: Not Found for url: https://poi.mapbar.com/macau/D30/')
茂名市,maoming,http://poi.mapbar.com/maoming/,http://poi.mapbar.com/maoming/D30/,,,0,0,0,0,1.108,HTTPError('404 Client Error: Not Found for url: https://poi.mapbar.com/maoming/D30/')
眉山市,meishan,http://poi.mapbar.com/meishan/,http://poi.mapbar.com/meishan/D30/,,,0,0,0,0,1.111,HTTPError('404 Client Error: Not Found for url: https://poi.mapbar.com/meishan/D30/')
梅州市,meizhou,http://poi.mapbar.com/meizhou/,http://poi.mapbar.com/meizhou/D30/,,,0,0,0,0,1.133,HTTPError('404 Client Error: Not Found for url: https://poi.mapbar.com/meizhou/D30/')
绵阳市,mianyang,http://poi.mapbar.com/mianyang/,http://poi.mapbar.com/mianyang/D30/,,,0,0,0,0,1.131,HTTPError('404 Client Error: Not Found for url: https://poi.mapbar.com/mianyang/D30/')
牡丹江市,mudanjiang,http://poi.mapbar.com/mudanjiang/,http://poi.mapbar.com/mudanjiang/D30/,,,0,0,0,0,1.136,HTTPError('404 Client Error: Not Found for url: https://poi.mapbar.com/mudanjiang/D30/')
南昌市,nanchang,http://poi.mapbar.com/nanchang/,http://poi.mapbar.com/nanchang/D30/,,,0,0,0,0,1.13,HTTPError('404 Client Error: Not Found for url: https://poi.mapbar.com/nanchang/D30/')
南充市,nanchong,http://poi.mapbar.com/nanchong/,http://poi.mapbar.com/nanchong/D30/,,,0,0,0,0,1.117,HTTPError('404 Client Error: Not Found for url: https://poi.mapbar.com/nanchong/D30/')
南京市,nanjing,http://poi.mapbar.com/nanjing/,http://poi.mapbar.com/nanjing/D30/,,,0,0,0,0,1.128,HTTPError('404 Client Error: Not Found for url: https://poi.mapbar.com/nanjing/D30/')
南宁市,nanning,http://poi.mapbar.com/nanning/,http://poi.mapbar.com/nanning/D30/,,,0,0,0,0,1.131,HTTPError('404 Client Error: Not Found for url: https://poi.mapbar.com/nanning/D30/')
南平市,nanping,http://poi.mapbar.com/nanping/,http://poi.mapbar.com/nanping/D30/,,,0,0,0,0,1.113,HTTPError('404 Client Error: Not Found for url: https://poi.mapbar.com/nanping/D30/')
南通市,nantong,http://poi.mapbar.com/nantong/,http://poi.mapbar.com/nantong/D30/,,,0,0,0,0,1.109,HTTPError('404 Client Error: Not Found for url: https://poi.mapbar.com/nantong/D30/')
南阳市,nanyang,http://poi.mapbar.com/nanyang/,http://poi.mapbar.com/nanyang/D30/,,,0,0,0,0,1.12,HTTPError('404 Client Error: Not Found for url: https://poi.mapbar.com/nanyang/D30/')
那曲市,naqu,http://poi.mapbar.com/naqu/,http://poi.mapbar.com/naqu/D30/,,,0,0,0,0,1.112,HTTPError('404 Client Error: Not Found for url: https://poi.mapbar.com/naqu/D30/')
内江市,neijiang,http://poi.mapbar.com/neijiang/,http://poi.mapbar.com/neijiang/D30/,,,0,0,0,0,1.119,HTTPError('404 Client Error: Not Found for url: https://poi.mapbar.com/neijiang/D30/')
宁波市,ningbo,http://poi.mapbar.com/ningbo/,http://poi.mapbar.com/ningbo/D30/,,,0,0,0,0,1.13,HTTPError('404 Client Error: Not Found for url: https://poi.mapbar.com/ningbo/D30/')
宁德市,ningde,http://poi.mapbar.com/ningde/,http://poi.mapbar.com/ningde/D30/,,,0,0,0,0,1.108,HTTPError('404 Client Error: Not Found for url: https://poi.mapbar.com/ningde/D30/')
怒江傈僳族自治州,nujiang,http://poi.mapbar.com/nujiang/,http://poi.mapbar.com/nujiang/D30/,,,0,0,0,0,1.114,HTTPError('404 Client Error: Not Found for url: https://poi.mapbar.com/nujiang/D30/')
盘锦市,panjin,http://poi.mapbar.com/panjin/,http://poi.mapbar.com/panjin/D30/,,,0,0,0,0,1.113,HTTPError('404 Client Error: Not Found for url: https://poi.mapbar.com/panjin/D30/')
攀枝花市,panzhihua,http://poi.mapbar.com/panzhihua/,http://poi.mapbar.com/panzhihua/D30/,,,0,0,0,0,1.119,HTTPError('404 Client Error: Not Found for url: https://poi.mapbar.com/panzhihua/D30/')
平顶山市,pingdingshan,http://poi.mapbar.com/pingdingshan/,http://poi.mapbar.com/pingdingshan/D30/,,,0,0,0,0,1.12,HTTPError('404 Client Error: Not Found for url: https://poi.mapbar.com/pingdingshan/D30/')
平凉市,pingliang,http://poi.mapbar.com/pingliang/,http://poi.mapbar.com/pingliang/D30/,,,0,0,0,0,1.114,HTTPError('404 Client Error: Not Found for url: https://poi.mapbar.com/pingliang/D30/')
萍乡市,pingxiang,http://poi.mapbar.com/pingxiang/,http://poi.mapbar.com/pingxiang/D30/,,,0,0,0,0,1.11,HTTPError('404 Client Error: Not Found for url: https://poi.mapbar.com/pingxiang/D30/')
普洱市,puer,http://poi.mapbar.com/puer/,http://poi.mapbar.com/puer/D30/,,,0,0,0,0,1.114,HTTPError('404 Client Error: Not Found for url: https://poi.mapbar.com/puer/D30/')
莆田市,putian,http://poi.mapbar.com/putian/,http://poi.mapbar.com/putian/D30/,,,0,0,0,0,1.128,HTTPError('404 Client Error: Not Found for url: https://poi.mapbar.com/putian/D30/')
濮阳市,puyang,http://poi.mapbar.com/puyang/,http://poi.mapbar.com/puyang/D30/,,,0,0,0,0,1.116,HTTPError('404 Client Error: Not Found for url: https://poi.mapbar.com/puyang/D30/')
黔东南苗族侗族自治州,qiandongnan,http://poi.mapbar.com/qiandongnan/,http://poi.mapbar.com/qiandongnan/D30/,,,0,0,0,0,1.132,HTTPError('404 Client Error: Not Found for url: https://poi.mapbar.com/qiandongnan/D30/')
潜江市,qianjiang,http://poi.mapbar.com/qianjiang/,http://poi.mapbar.com/qianjiang/D30/,,,0,0,0,0,1.121,HTTPError('404 Client Error: Not Found for url: https://poi.mapbar.com/qianjiang/D30/')
黔南布依族苗族自治州,qiannan,http://poi.mapbar.com/qiannan/,http://poi.mapbar.com/qiannan/D30/,,,0,0,0,0,1.107,HTTPError('404 Client Error: Not Found for url: https://poi.mapbar.com/qiannan/D30/')
黔西南布依族苗族自治州,qianxinan,http://poi.mapbar.com/qianxinan/,http://poi.mapbar.com/qianxinan/D30/,,,0,0,0,0,1.119,HTTPError('404 Client Error: Not Found for url: https://poi.mapbar.com/qianxinan/D30/')
青岛市,qingdao,http://poi.mapbar.com/qingdao/,http://poi.mapbar.com/qingdao/D30/,,,0,0,0,0,1.127,HTTPError('404 Client Error: Not Found for url: https://poi.mapbar.com/qingdao/D30/')
庆阳市,qingyang,http://poi.mapbar.com/qingyang/,http://poi.mapbar.com/qingyang/D30/,,,0,0,0,0,1.128,HTTPError('404 Client Error: Not Found for url: https://poi.mapbar.com/qingyang/D30/')
清远市,qingyuan,http://poi.mapbar.com/qingyuan/,http://poi.mapbar.com/qingyuan/D30/,,,0,0,0,0,1.124,HTTPError('404 Client Error: Not Found for url: https://poi.mapbar.com/qingyuan/D30/')
秦皇岛市,qinhuangdao,http://poi.mapbar.com/qinhuangdao/,http://poi.mapbar.com/qinhuangdao/D30/,,,0,0,0,0,1.118,HTTPError('404 Client Error: Not Found for url: https://poi.mapbar.com/qinhuangdao/D30/')
钦州市,qinzhou,http://poi.mapbar.com/qinzhou/,http://poi.mapbar.com/qinzhou/D30/,,,0,0,0,0,1.123,HTTPError('404 Client Error: Not Found for url: https://poi.mapbar.com/qinzhou/D30/')
琼海市,qionghai,http://poi.mapbar.com/qionghai/,http://poi.mapbar.com/qionghai/D30/,,,0,0,0,0,1.135,HTTPError('404 Client Error: Not Found for url: https://poi.mapbar.com/qionghai/D30/')
琼中黎族苗族自治县,qiongzhong,http://poi.mapbar.com/qiongzhong/,http://poi.mapbar.com/qiongzhong/D30/,,,0,0,0,0,1.121,HTTPError('404 Client Error: Not Found for url: https://poi.mapbar.com/qiongzhong/D30/')
齐齐哈尔市,qiqihaer,http://poi.mapbar.com/qiqihaer/,http://poi.mapbar.com/qiqihaer/D30/,,,0,0,0,0,1.116,HTTPError('404 Client Error: Not Found for url: https://poi.mapbar.com/qiqihaer/D30/')
七台河市,qitaihe,http://poi.mapbar.com/qitaihe/,http://poi.mapbar.com/qitaihe/D30/,,,0,0,0,0,1.121,HTTPError('404 Client Error: Not Found for url: https://poi.mapbar.com/qitaihe/D30/')
泉州市,quanzhou,http://poi.mapbar.com/quanzhou/,http://poi.mapbar.com/quanzhou/D30/,,,0,0,0,0,1.119,HTTPError('404 Client Error: Not Found for url: https://poi.mapbar.com/quanzhou/D30/')
曲靖市,qujing,http://poi.mapbar.com/qujing/,http://poi.mapbar.com/qujing/D30/,,,0,0,0,0,1.112,HTTPError('404 Client Error: Not Found for url: https://poi.mapbar.com/qujing/D30/')
衢州市,quzhou,http://poi.mapbar.com/quzhou/,http://poi.mapbar.com/quzhou/D30/,,,0,0,0,0,1.114,HTTPError('404 Client Error: Not Found for url: https://poi.mapbar.com/quzhou/D30/')
日喀则市,rikaze,http://poi.mapbar.com/rikaze/,http://poi.mapbar.com/rikaze/D30/,,,0,0,0,0,1.116,HTTPError('404 Client Error: Not Found for url: https://poi.mapbar.com/rikaze/D30/')
日照市,rizhao,http://poi.mapbar.com/rizhao/,http://poi.mapbar.com/rizhao/D30/,,,0,0,0,0,1.116,HTTPError('404 Client Error: Not Found for url: https://poi.mapbar.com/rizhao/D30/')
三门峡市,sanmenxia,http://poi.mapbar.com/sanmenxia/,http://poi.mapbar.com/sanmenxia/D30/,,,0,0,0,0,1.142,HTTPError('404 Client Error: Not Found for url: https://poi.mapbar.com/sanmenxia/D30/')
三明市,sanming,http://poi.mapbar.com/sanming/,http://poi.mapbar.com/sanming/D30/,,,0,0,0,0,1.197,HTTPError('404 Client Error: Not Found for url: https://poi.mapbar.com/sanming/D30/')
三沙市,sansha,http://poi.mapbar.com/sansha/,http://poi.mapbar.com/sansha/D30/,,,0,0,0,0,1.118,HTTPError('404 Client Error: Not Found for url: https://poi.mapbar.com/sansha/D30/')
三亚市,sanya,http://poi.mapbar.com/sanya/,http://poi.mapbar.com/sanya/D30/,,,0,0,0,0,1.164,HTTPError('404 Client Error: Not Found for url: https://poi.mapbar.com/sanya/D30/')
上海市,shanghai,http://poi.mapbar.com/shanghai/,http://poi.mapbar.com/shanghai/D30/,,,0,0,0,0,1.197,HTTPError('404 Client Error: Not Found for url: https://poi.mapbar.com/shanghai/D30/')
商洛市,shangluo,http://poi.mapbar.com/shangluo/,http://poi.mapbar.com/shangluo/D30/,,,0,0,0,0,1.157,HTTPError('404 Client Error: Not Found for url: https://poi.mapbar.com/shangluo/D30/')
商丘市,shangqiu,http://poi.mapbar.com/shangqiu/,http://poi.mapbar.com/shangqiu/D30/,,,0,0,0,0,1.117,HTTPError('404 Client Error: Not Found for url: https://poi.mapbar.com/shangqiu/D30/')
上饶市,shangrao,http://poi.mapbar.com/shangrao/,http://poi.mapbar.com/shangrao/D30/,,,0,0,0,0,1.187,HTTPError('404 Client Error: Not Found for url: https://poi.mapbar.com/shangrao/D30/')
山南市,shannan,http://poi.mapbar.com/shannan/,http://poi.mapbar.com/shannan/D30/,,,0,0,0,0,1.267,HTTPError('404 Client Error: Not Found for url: https://poi.mapbar.com/shannan/D30/')
汕头市,shantou,http://poi.mapbar.com/shantou/,http://poi.mapbar.com/shantou/D30/,,,0,0,0,0,1.071,HTTPError('404 Client Error: Not Found for url: https://poi.mapbar.com/shantou/D30/')
汕尾市,shanwei,http://poi.mapbar.com/shanwei/,http://poi.mapbar.com/shanwei/D30/,,,0,0,0,0,1.11,HTTPError('404 Client Error: Not Found for url: https://poi.mapbar.com/shanwei/D30/')
韶关市,shaoguan,http://poi.mapbar.com/shaoguan/,http://poi.mapbar.com/shaoguan/D30/,,,0,0,0,0,1.085,HTTPError('404 Client Error: Not Found for url: https://poi.mapbar.com/shaoguan/D30/')
绍兴市,shaoxing,http://poi.mapbar.com/shaoxing/,http://poi.mapbar.com/shaoxing/D30/,,,0,0,0,0,1.094,HTTPError('404 Client Error: Not Found for url: https://poi.mapbar.com/shaoxing/D30/')
邵阳市,shaoyang,http://poi.mapbar.com/shaoyang/,http://poi.mapbar.com/shaoyang/D30/,,,0,0,0,0,1.309,HTTPError('404 Client Error: Not Found for url: https://poi.mapbar.com/shaoyang/D30/')
神农架林区,shennongjia,http://poi.mapbar.com/shennongjia/,http://poi.mapbar.com/shennongjia/D30/,,,0,0,0,0,1.279,HTTPError('404 Client Error: Not Found for url: https://poi.mapbar.com/shennongjia/D30/')
沈阳市,shenyang,http://poi.mapbar.com/shenyang/,http://poi.mapbar.com/shenyang/D30/,,,0,0,0,0,1.064,HTTPError('404 Client Error: Not Found for url: https://poi.mapbar.com/shenyang/D30/')
深圳市,shenzhen,http://poi.mapbar.com/shenzhen/,http://poi.mapbar.com/shenzhen/D30/,,,0,0,0,0,0.969,HTTPError('404 Client Error: Not Found for url: https://poi.mapbar.com/shenzhen/D30/')
石河子市,shihezi,http://poi.mapbar.com/shihezi/,http://poi.mapbar.com/shihezi/D30/,,,0,0,0,0,1.149,HTTPError('404 Client Error: Not Found for url: https://poi.mapbar.com/shihezi/D30/')
石家庄市,shijiazhuang,http://poi.mapbar.com/shijiazhuang/,http://poi.mapbar.com/shijiazhuang/D30/,,,0,0,0,0,1.301,HTTPError('404 Client Error: Not Found for url: https://poi.mapbar.com/shijiazhuang/D30/')
十堰市,shiyan,http://poi.mapbar.com/shiyan/,http://poi.mapbar.com/shiyan/D30/,,,0,0,0,0,1.152,HTTPError('404 Client Error: Not Found for url: https://poi.mapbar.com/shiyan/D30/')
石嘴山市,shizuishan,http://poi.mapbar.com/shizuishan/,http://poi.mapbar.com/shizuishan/D30/,,,0,0,0,0,1.219,HTTPError('404 Client Error: Not Found for url: https://poi.mapbar.com/shizuishan/D30/')
双河市,shuanghe,http://poi.mapbar.com/shuanghe/,http://poi.mapbar.com/shuanghe/D30/,,,0,0,0,0,0.915,HTTPError('404 Client Error: Not Found for url: https://poi.mapbar.com/shuanghe/D30/')
双鸭山市,shuangyashan,http://poi.mapbar.com/shuangyashan/,http://poi.mapbar.com/shuangyashan/D30/,,,0,0,0,0,1.043,HTTPError('404 Client Error: Not Found for url: https://poi.mapbar.com/shuangyashan/D30/')
朔州市,shuozhou,http://poi.mapbar.com/shuozhou/,http://poi.mapbar.com/shuozhou/D30/,,,0,0,0,0,1.305,HTTPError('404 Client Error: Not Found for url: https://poi.mapbar.com/shuozhou/D30/')
四平市,siping,http://poi.mapbar.com/siping/,http://poi.mapbar.com/siping/D30/,,,0,0,0,0,1.361,HTTPError('404 Client Error: Not Found for url: https://poi.mapbar.com/siping/D30/')
松原市,songyuan,http://poi.mapbar.com/songyuan/,http://poi.mapbar.com/songyuan/D30/,,,0,0,0,0,1.184,HTTPError('404 Client Error: Not Found for url: https://poi.mapbar.com/songyuan/D30/')
绥化市,suihua,http://poi.mapbar.com/suihua/,http://poi.mapbar.com/suihua/D30/,,,0,0,0,0,1.002,HTTPError('404 Client Error: Not Found for url: https://poi.mapbar.com/suihua/D30/')
遂宁市,suining,http://poi.mapbar.com/suining/,http://poi.mapbar.com/suining/D30/,,,0,0,0,0,1.219,HTTPError('404 Client Error: Not Found for url: https://poi.mapbar.com/suining/D30/')
随州市,suizhou,http://poi.mapbar.com/suizhou/,http://poi.mapbar.com/suizhou/D30/,,,0,0,0,0,0.977,HTTPError('404 Client Error: Not Found for url: https://poi.mapbar.com/suizhou/D30/')
宿迁市,suqian,http://poi.mapbar.com/suqian/,http://poi.mapbar.com/suqian/D30/,,,0,0,0,0,1.115,HTTPError('404 Client Error: Not Found for url: https://poi.mapbar.com/suqian/D30/')
苏州市,suzhou1,http://poi.mapbar.com/suzhou1/,http://poi.mapbar.com/suzhou1/D30/,,,0,0,0,0,1.187,HTTPError('404 Client Error: Not Found for url: https://poi.mapbar.com/suzhou1/D30/')
宿州市,suzhou2,http://poi.mapbar.com/suzhou2/,http://poi.mapbar.com/suzhou2/D30/,,,0,0,0,0,0.924,HTTPError('404 Client Error: Not Found for url: https://poi.mapbar.com/suzhou2/D30/')
塔城地区,tacheng,http://poi.mapbar.com/tacheng/,http://poi.mapbar.com/tacheng/D30/,,,0,0,0,0,0.949,HTTPError('404 Client Error: Not Found for url: https://poi.mapbar.com/tacheng/D30/')
泰安市,taian,http://poi.mapbar.com/taian/,http://poi.mapbar.com/taian/D30/,,,0,0,0,0,1.028,HTTPError('404 Client Error: Not Found for url: https://poi.mapbar.com/taian/D30/')
太原市,taiyuan,http://poi.mapbar.com/taiyuan/,http://poi.mapbar.com/taiyuan/D30/,,,0,0,0,0,1.09,HTTPError('404 Client Error: Not Found for url: https://poi.mapbar.com/taiyuan/D30/')
泰州市,taizhou1,http://poi.mapbar.com/taizhou1/,http://poi.mapbar.com/taizhou1/D30/,,,0,0,0,0,1.022,HTTPError('404 Client Error: Not Found for url: https://poi.mapbar.com/taizhou1/D30/')
台州市,taizhou2,http://poi.mapbar.com/taizhou2/,http://poi.mapbar.com/taizhou2/D30/,,,0,0,0,0,1.144,HTTPError('404 Client Error: Not Found for url: https://poi.mapbar.com/taizhou2/D30/')
唐山市,tangshan,http://poi.mapbar.com/tangshan/,http://poi.mapbar.com/tangshan/D30/,,,0,0,0,0,1.139,HTTPError('404 Client Error: Not Found for url: https://poi.mapbar.com/tangshan/D30/')
天津市,tianjin,http://poi.mapbar.com/tianjin/,http://poi.mapbar.com/tianjin/D30/,,,0,0,0,0,1.001,HTTPError('404 Client Error: Not Found for url: https://poi.mapbar.com/tianjin/D30/')
天门市,tianmen,http://poi.mapbar.com/tianmen/,http://poi.mapbar.com/tianmen/D30/,,,0,0,0,0,1.19,HTTPError('404 Client Error: Not Found for url: https://poi.mapbar.com/tianmen/D30/')
天水市,tianshui,http://poi.mapbar.com/tianshui/,http://poi.mapbar.com/tianshui/D30/,,,0,0,0,0,1.059,HTTPError('404 Client Error: Not Found for url: https://poi.mapbar.com/tianshui/D30/')
铁岭市,tieling,http://poi.mapbar.com/tieling/,http://poi.mapbar.com/tieling/D30/,,,0,0,0,0,1.189,HTTPError('404 Client Error: Not Found for url: https://poi.mapbar.com/tieling/D30/')
铁门关市,tiemenguan,http://poi.mapbar.com/tiemenguan/,http://poi.mapbar.com/tiemenguan/D30/,,,0,0,0,0,1.269,HTTPError('404 Client Error: Not Found for url: https://poi.mapbar.com/tiemenguan/D30/')
铜川市,tongchuan,http://poi.mapbar.com/tongchuan/,http://poi.mapbar.com/tongchuan/D30/,,,0,0,0,0,1.268,HTTPError('404 Client Error: Not Found for url: https://poi.mapbar.com/tongchuan/D30/')
通化市,tonghua,http://poi.mapbar.com/tonghua/,http://poi.mapbar.com/tonghua/D30/,,,0,0,0,0,1.14,HTTPError('404 Client Error: Not Found for url: https://poi.mapbar.com/tonghua/D30/')
通辽市,tongliao,http://poi.mapbar.com/tongliao/,http://poi.mapbar.com/tongliao/D30/,,,0,0,0,0,1.26,HTTPError('404 Client Error: Not Found for url: https://poi.mapbar.com/tongliao/D30/')
铜陵市,tongling,http://poi.mapbar.com/tongling/,http://poi.mapbar.com/tongling/D30/,,,0,0,0,0,1.119,HTTPError('404 Client Error: Not Found for url: https://poi.mapbar.com/tongling/D30/')
铜仁市,tongren,http://poi.mapbar.com/tongren/,http://poi.mapbar.com/tongren/D30/,,,0,0,0,0,1.289,HTTPError('404 Client Error: Not Found for url: https://poi.mapbar.com/tongren/D30/')
吐鲁番市,tulufan,http://poi.mapbar.com/tulufan/,http://poi.mapbar.com/tulufan/D30/,,,0,0,0,0,1.246,HTTPError('404 Client Error: Not Found for url: https://poi.mapbar.com/tulufan/D30/')
图木舒克市,tumushuke,http://poi.mapbar.com/tumushuke/,http://poi.mapbar.com/tumushuke/D30/,,,0,0,0,0,1.157,HTTPError('404 Client Error: Not Found for url: https://poi.mapbar.com/tumushuke/D30/')
屯昌县,tunchang,http://poi.mapbar.com/tunchang/,http://poi.mapbar.com/tunchang/D30/,,,0,0,0,0,1.061,HTTPError('404 Client Error: Not Found for url: https://poi.mapbar.com/tunchang/D30/')
万宁市,wanning,http://poi.mapbar.com/wanning/,http://poi.mapbar.com/wanning/D30/,,,0,0,0,0,1.249,HTTPError('404 Client Error: Not Found for url: https://poi.mapbar.com/wanning/D30/')
潍坊市,weifang,http://poi.mapbar.com/weifang/,http://poi.mapbar.com/weifang/D30/,,,0,0,0,0,1.339,HTTPError('404 Client Error: Not Found for url: https://poi.mapbar.com/weifang/D30/')
威海市,weihai,http://poi.mapbar.com/weihai/,http://poi.mapbar.com/weihai/D30/,,,0,0,0,0,1.208,HTTPError('404 Client Error: Not Found for url: https://poi.mapbar.com/weihai/D30/')
渭南市,weinan,http://poi.mapbar.com/weinan/,http://poi.mapbar.com/weinan/D30/,,,0,0,0,0,1.712,HTTPError('404 Client Error: Not Found for url: https://poi.mapbar.com/weinan/D30/')
文昌市,wenchang,http://poi.mapbar.com/wenchang/,http://poi.mapbar.com/wenchang/D30/,,,0,0,0,0,1.421,HTTPError('404 Client Error: Not Found for url: https://poi.mapbar.com/wenchang/D30/')
文山壮族苗族自治州,wenshan,http://poi.mapbar.com/wenshan/,http://poi.mapbar.com/wenshan/D30/,,,0,0,0,0,1.383,HTTPError('404 Client Error: Not Found for url: https://poi.mapbar.com/wenshan/D30/')
温州市,wenzhou,http://poi.mapbar.com/wenzhou/,http://poi.mapbar.com/wenzhou/D30/,,,0,0,0,0,2.011,HTTPError('404 Client Error: Not Found for url: https://poi.mapbar.com/wenzhou/D30/')
乌海市,wuhai,http://poi.mapbar.com/wuhai/,http://poi.mapbar.com/wuhai/D30/,,,0,0,0,0,1.264,HTTPError('404 Client Error: Not Found for url: https://poi.mapbar.com/wuhai/D30/')
武汉市,wuhan,http://poi.mapbar.com/wuhan/,http://poi.mapbar.com/wuhan/D30/,,,0,0,0,0,0.931,HTTPError('404 Client Error: Not Found for url: https://poi.mapbar.com/wuhan/D30/')
芜湖市,wuhu,http://poi.mapbar.com/wuhu/,http://poi.mapbar.com/wuhu/D30/,,,0,0,0,0,0.854,HTTPError('404 Client Error: Not Found for url: https://poi.mapbar.com/wuhu/D30/')
五家渠市,wujiaqu,http://poi.mapbar.com/wujiaqu/,http://poi.mapbar.com/wujiaqu/D30/,,,0,0,0,0,0.941,HTTPError('404 Client Error: Not Found for url: https://poi.mapbar.com/wujiaqu/D30/')
乌兰察布市,wulanchabu,http://poi.mapbar.com/wulanchabu/,http://poi.mapbar.com/wulanchabu/D30/,,,0,0,0,0,0.548,HTTPError('404 Client Error: Not Found for url: https://poi.mapbar.com/wulanchabu/D30/')
乌鲁木齐市,wulumuqi,http://poi.mapbar.com/wulumuqi/,http://poi.mapbar.com/wulumuqi/D30/,,,0,0,0,0,0.573,HTTPError('404 Client Error: Not Found for url: https://poi.mapbar.com/wulumuqi/D30/')
武威市,wuwei,http://poi.mapbar.com/wuwei/,http://poi.mapbar.com/wuwei/D30/,,,0,0,0,0,0.742,HTTPError('404 Client Error: Not Found for url: https://poi.mapbar.com/wuwei/D30/')
无锡市,wuxi,http://poi.mapbar.com/wuxi/,http://poi.mapbar.com/wuxi/D30/,,,0,0,0,0,0.825,HTTPError('404 Client Error: Not Found for url: https://poi.mapbar.com/wuxi/D30/')
五指山市,wuzhishan,http://poi.mapbar.com/wuzhishan/,http://poi.mapbar.com/wuzhishan/D30/,,,0,0,0,0,0.963,HTTPError('404 Client Error: Not Found for url: https://poi.mapbar.com/wuzhishan/D30/')
吴忠市,wuzhong,http://poi.mapbar.com/wuzhong/,http://poi.mapbar.com/wuzhong/D30/,,,0,0,0,0,1.046,HTTPError('404 Client Error: Not Found for url: https://poi.mapbar.com/wuzhong/D30/')
梧州市,wuzhou,http://poi.mapbar.com/wuzhou/,http://poi.mapbar.com/wuzhou/D30/,,,0,0,0,0,1.054,HTTPError('404 Client Error: Not Found for url: https://poi.mapbar.com/wuzhou/D30/')
厦门市,xiamen,http://poi.mapbar.com/xiamen/,http://poi.mapbar.com/xiamen/D30/,,,0,0,0,0,0.947,HTTPError('404 Client Error: Not Found for url: https://poi.mapbar.com/xiamen/D30/')
西安市,xian,http://poi.mapbar.com/xian/,http://poi.mapbar.com/xian/D30/,,,0,0,0,0,1.18,HTTPError('404 Client Error: Not Found for url: https://poi.mapbar.com/xian/D30/')
湘潭市,xiangtan,http://poi.mapbar.com/xiangtan/,http://poi.mapbar.com/xiangtan/D30/,,,0,0,0,0,1.012,HTTPError('404 Client Error: Not Found for url: https://poi.mapbar.com/xiangtan/D30/')
湘西土家族苗族自治州,xiangxi,http://poi.mapbar.com/xiangxi/,http://poi.mapbar.com/xiangxi/D30/,,,0,0,0,0,1.08,HTTPError('404 Client Error: Not Found for url: https://poi.mapbar.com/xiangxi/D30/')
襄阳市,xiangyang,http://poi.mapbar.com/xiangyang/,http://poi.mapbar.com/xiangyang/D30/,,,0,0,0,0,1.11,HTTPError('404 Client Error: Not Found for url: https://poi.mapbar.com/xiangyang/D30/')
咸宁市,xianning,http://poi.mapbar.com/xianning/,http://poi.mapbar.com/xianning/D30/,,,0,0,0,0,1.017,HTTPError('404 Client Error: Not Found for url: https://poi.mapbar.com/xianning/D30/')
仙桃市,xiantao,http://poi.mapbar.com/xiantao/,http://poi.mapbar.com/xiantao/D30/,,,0,0,0,0,1.096,HTTPError('404 Client Error: Not Found for url: https://poi.mapbar.com/xiantao/D30/')
咸阳市,xianyang,http://poi.mapbar.com/xianyang/,http://poi.mapbar.com/xianyang/D30/,,,0,0,0,0,0.996,HTTPError('404 Client Error: Not Found for url: https://poi.mapbar.com/xianyang/D30/')
孝感市,xiaogan,http://poi.mapbar.com/xiaogan/,http://poi.mapbar.com/xiaogan/D30/,,,0,0,0,0,1.243,HTTPError('404 Client Error: Not Found for url: https://poi.mapbar.com/xiaogan/D30/')
锡林郭勒盟,xilinguolemeng,http://poi.mapbar.com/xilinguolemeng/,http://poi.mapbar.com/xilinguolemeng/D30/,,,0,0,0,0,0.918,HTTPError('404 Client Error: Not Found for url: https://poi.mapbar.com/xilinguolemeng/D30/')
兴安盟,xinganmeng,http://poi.mapbar.com/xinganmeng/,http://poi.mapbar.com/xinganmeng/D30/,,,0,0,0,0,1.156,HTTPError('404 Client Error: Not Found for url: https://poi.mapbar.com/xinganmeng/D30/')
邢台市,xingtai,http://poi.mapbar.com/xingtai/,http://poi.mapbar.com/xingtai/D30/,,,0,0,0,0,1.288,HTTPError('404 Client Error: Not Found for url: https://poi.mapbar.com/xingtai/D30/')
西宁市,xining,http://poi.mapbar.com/xining/,http://poi.mapbar.com/xining/D30/,,,0,0,0,0,1.049,HTTPError('404 Client Error: Not Found for url: https://poi.mapbar.com/xining/D30/')
新乡市,xinxiang,http://poi.mapbar.com/xinxiang/,http://poi.mapbar.com/xinxiang/D30/,,,0,0,0,0,1.189,HTTPError('404 Client Error: Not Found for url: https://poi.mapbar.com/xinxiang/D30/')
信阳市,xinyang,http://poi.mapbar.com/xinyang/,http://poi.mapbar.com/xinyang/D30/,,,0,0,0,0,1.206,HTTPError('404 Client Error: Not Found for url: https://poi.mapbar.com/xinyang/D30/')
新余市,xinyu,http://poi.mapbar.com/xinyu/,http://poi.mapbar.com/xinyu/D30/,,,0,0,0,0,1.644,HTTPError('404 Client Error: Not Found for url: https://poi.mapbar.com/xinyu/D30/')
忻州市,xinzhou,http://poi.mapbar.com/xinzhou/,http://poi.mapbar.com/xinzhou/D30/,,,0,0,0,0,1.398,HTTPError('404 Client Error: Not Found for url: https://poi.mapbar.com/xinzhou/D30/')
西双版纳傣族自治州,xishuangbanna,http://poi.mapbar.com/xishuangbanna/,http://poi.mapbar.com/xishuangbanna/D30/,,,0,0,0,0,1.4,HTTPError('404 Client Error: Not Found for url: https://poi.mapbar.com/xishuangbanna/D30/')
宣城市,xuancheng,http://poi.mapbar.com/xuancheng/,http://poi.mapbar.com/xuancheng/D30/,,,0,0,0,0,1.16,HTTPError('404 Client Error: Not Found for url: https://poi.mapbar.com/xuancheng/D30/')
许昌市,xuchang,http://poi.mapbar.com/xuchang/,http://poi.mapbar.com/xuchang/D30/,,,0,0,0,0,0.955,HTTPError('404 Client Error: Not Found for url: https://poi.mapbar.com/xuchang/D30/')
徐州市,xuzhou,http://poi.mapbar.com/xuzhou/,http://poi.mapbar.com/xuzhou/D30/,,,0,0,0,0,1.088,HTTPError('404 Client Error: Not Found for url: https://poi.mapbar.com/xuzhou/D30/')
雅安市,yaan,http://poi.mapbar.com/yaan/,http://poi.mapbar.com/yaan/D30/,,,0,0,0,0,1.031,HTTPError('404 Client Error: Not Found for url: https://poi.mapbar.com/yaan/D30/')
延安市,yanan,http://poi.mapbar.com/yanan/,http://poi.mapbar.com/yanan/D30/,,,0,0,0,0,1.001,HTTPError('404 Client Error: Not Found for url: https://poi.mapbar.com/yanan/D30/')
延边朝鲜族自治州,yanbian,http://poi.mapbar.com/yanbian/,http://poi.mapbar.com/yanbian/D30/,,,0,0,0,0,0.572,HTTPError('404 Client Error: Not Found for url: https://poi.mapbar.com/yanbian/D30/')
盐城市,yancheng,http://poi.mapbar.com/yancheng/,http://poi.mapbar.com/yancheng/D30/,,,0,0,0,0,0.686,HTTPError('404 Client Error: Not Found for url: https://poi.mapbar.com/yancheng/D30/')
阳江市,yangjiang,http://poi.mapbar.com/yangjiang/,http://poi.mapbar.com/yangjiang/D30/,,,0,0,0,0,0.847,HTTPError('404 Client Error: Not Found for url: https://poi.mapbar.com/yangjiang/D30/')
阳泉市,yangquan,http://poi.mapbar.com/yangquan/,http://poi.mapbar.com/yangquan/D30/,,,0,0,0,0,0.983,HTTPError('404 Client Error: Not Found for url: https://poi.mapbar.com/yangquan/D30/')
扬州市,yangzhou,http://poi.mapbar.com/yangzhou/,http://poi.mapbar.com/yangzhou/D30/,,,0,0,0,0,1.125,HTTPError('404 Client Error: Not Found for url: https://poi.mapbar.com/yangzhou/D30/')
烟台市,yantai,http://poi.mapbar.com/yantai/,http://poi.mapbar.com/yantai/D30/,,,0,0,0,0,1.13,HTTPError('404 Client Error: Not Found for url: https://poi.mapbar.com/yantai/D30/')
宜宾市,yibin,http://poi.mapbar.com/yibin/,http://poi.mapbar.com/yibin/D30/,,,0,0,0,0,1.115,HTTPError('404 Client Error: Not Found for url: https://poi.mapbar.com/yibin/D30/')
宜昌市,yichang,http://poi.mapbar.com/yichang/,http://poi.mapbar.com/yichang/D30/,,,0,0,0,0,1.117,HTTPError('404 Client Error: Not Found for url: https://poi.mapbar.com/yichang/D30/')
伊春市,yichun1,http://poi.mapbar.com/yichun1/,http://poi.mapbar.com/yichun1/D30/,,,0,0,0,0,1.125,HTTPError('404 Client Error: Not Found for url: https://poi.mapbar.com/yichun1/D30/')
宜春市,yichun2,http://poi.mapbar.com/yichun2/,http://poi.mapbar.com/yichun2/D30/,,,0,0,0,0,1.142,HTTPError('404 Client Error: Not Found for url: https://poi.mapbar.com/yichun2/D30/')
伊犁哈萨克自治州,yili,http://poi.mapbar.com/yili/,http://poi.mapbar.com/yili/D30/,,,0,0,0,0,1.117,HTTPError('404 Client Error: Not Found for url: https://poi.mapbar.com/yili/D30/')
银川市,yinchuan,http://poi.mapbar.com/yinchuan/,http://poi.mapbar.com/yinchuan/D30/,,,0,0,0,0,1.113,HTTPError('404 Client Error: Not Found for url: https://poi.mapbar.com/yinchuan/D30/')
营口市,yingkou,http://poi.mapbar.com/yingkou/,http://poi.mapbar.com/yingkou/D30/,,,0,0,0,0,1.104,HTTPError('404 Client Error: Not Found for url: https://poi.mapbar.com/yingkou/D30/')
鹰潭市,yingtan,http://poi.mapbar.com/yingtan/,http://poi.mapbar.com/yingtan/D30/,,,0,0,0,0,1.113,HTTPError('404 Client Error: Not Found for url: https://poi.mapbar.com/yingtan/D30/')
益阳市,yiyang,http://poi.mapbar.com/yiyang/,http://poi.mapbar.com/yiyang/D30/,,,0,0,0,0,1.134,HTTPError('404 Client Error: Not Found for url: https://poi.mapbar.com/yiyang/D30/')
永州市,yongzhou,http://poi.mapbar.com/yongzhou/,http://poi.mapbar.com/yongzhou/D30/,,,0,0,0,0,1.111,HTTPError('404 Client Error: Not Found for url: https://poi.mapbar.com/yongzhou/D30/')
岳阳市,yueyang,http://poi.mapbar.com/yueyang/,http://poi.mapbar.com/yueyang/D30/,,,0,0,0,0,1.115,HTTPError('404 Client Error: Not Found for url: https://poi.mapbar.com/yueyang/D30/')
榆林市,yulin1,http://poi.mapbar.com/yulin1/,http://poi.mapbar.com/yulin1/D30/,,,0,0,0,0,1.103,HTTPError('404 Client Error: Not Found for url: https://poi.mapbar.com/yulin1/D30/')
玉林市,yulin2,http://poi.mapbar.com/yulin2/,http://poi.mapbar.com/yulin2/D30/,,,0,0,0,0,1.117,HTTPError('404 Client Error: Not Found for url: https://poi.mapbar.com/yulin2/D30/')
运城市,yuncheng,http://poi.mapbar.com/yuncheng/,http://poi.mapbar.com/yuncheng/D30/,,,0,0,0,0,1.122,HTTPError('404 Client Error: Not Found for url: https://poi.mapbar.com/yuncheng/D30/')
云浮市,yunfu,http://poi.mapbar.com/yunfu/,http://poi.mapbar.com/yunfu/D30/,,,0,0,0,0,1.13,HTTPError('404 Client Error: Not Found for url: https://poi.mapbar.com/yunfu/D30/')
玉树藏族自治州,yushu,http://poi.mapbar.com/yushu/,http://poi.mapbar.com/yushu/D30/,,,0,0,0,0,1.114,HTTPError('404 Client Error: Not Found for url: https://poi.mapbar.com/yushu/D30/')
玉溪市,yuxi,http://poi.mapbar.com/yuxi/,http://poi.mapbar.com/yuxi/D30/,,,0,0,0,0,1.119,HTTPError('404 Client Error: Not Found for url: https://poi.mapbar.com/yuxi/D30/')
枣庄市,zaozhuang,http://poi.mapbar.com/zaozhuang/,http://poi.mapbar.com/zaozhuang/D30/,,,0,0,0,0,1.114,HTTPError('404 Client Error: Not Found for url: https://poi.mapbar.com/zaozhuang/D30/')
张家界市,zhangjiajie,http://poi.mapbar.com/zhangjiajie/,http://poi.mapbar.com/zhangjiajie/D30/,,,0,0,0,0,1.131,HTTPError('404 Client Error: Not Found for url: https://poi.mapbar.com/zhangjiajie/D30/')
张家口市,zhangjiakou,http://poi.mapbar.com/zhangjiakou/,http://poi.mapbar.com/zhangjiakou/D30/,,,0,0,0,0,1.126,HTTPError('404 Client Error: Not Found for url: https://poi.mapbar.com/zhangjiakou/D30/')
张掖市,zhangye,http://poi.mapbar.com/zhangye/,http://poi.mapbar.com/zhangye/D30/,,,0,0,0,0,1.132,HTTPError('404 Client Error: Not Found for url: https://poi.mapbar.com/zhangye/D30/')
漳州市,zhangzhou,http://poi.mapbar.com/zhangzhou/,http://poi.mapbar.com/zhangzhou/D30/,,,0,0,0,0,1.114,HTTPError('404 Client Error: Not Found for url: https://poi.mapbar.com/zhangzhou/D30/')
湛江市,zhanjiang,http://poi.mapbar.com/zhanjiang/,http://poi.mapbar.com/zhanjiang/D30/,,,0,0,0,0,1.121,HTTPError('404 Client Error: Not Found for url: https://poi.mapbar.com/zhanjiang/D30/')
肇庆市,zhaoqing,http://poi.mapbar.com/zhaoqing/,http://poi.mapbar.com/zhaoqing/D30/,,,0,0,0,0,1.119,HTTPError('404 Client Error: Not Found for url: https://poi.mapbar.com/zhaoqing/D30/')
昭通市,zhaotong,http://poi.mapbar.com/zhaotong/,http://poi.mapbar.com/zhaotong/D30/,,,0,0,0,0,1.107,HTTPError('404 Client Error: Not Found for url: https://poi.mapbar.com/zhaotong/D30/')
郑州市,zhengzhou,http://poi.mapbar.com/zhengzhou/,http://poi.mapbar.com/zhengzhou/D30/,,,0,0,0,0,1.121,HTTPError('404 Client Error: Not Found for url: https://poi.mapbar.com/zhengzhou/D30/')
镇江市,zhenjiang,http://poi.mapbar.com/zhenjiang/,http://poi.mapbar.com/zhenjiang/D30/,,,0,0,0,0,1.118,HTTPError('404 Client Error: Not Found for url: https://poi.mapbar.com/zhenjiang/D30/')
中山市,zhongshan,http://poi.mapbar.com/zhongshan/,http://poi.mapbar.com/zhongshan/D30/,,,0,0,0,0,1.122,HTTPError('404 Client Error: Not Found for url: https://poi.mapbar.com/zhongshan/D30/')
中卫市,zhongwei,http://poi.mapbar.com/zhongwei/,http://poi.mapbar.com/zhongwei/D30/,,,0,0,0,0,1.104,HTTPError('404 Client Error: Not Found for url: https://poi.mapbar.com/zhongwei/D30/')
周口市,zhoukou,http://poi.mapbar.com/zhoukou/,http://poi.mapbar.com/zhoukou/D30/,,,0,0,0,0,1.13,HTTPError('404 Client Error: Not Found for url: https://poi.mapbar.com/zhoukou/D30/')
舟山市,zhoushan,http://poi.mapbar.com/zhoushan/,http://poi.mapbar.com/zhoushan/D30/,,,0,0,0,0,1.112,HTTPError('404 Client Error: Not Found for url: https://poi.mapbar.com/zhoushan/D30/')
珠海市,zhuhai,http://poi.mapbar.com/zhuhai/,http://poi.mapbar.com/zhuhai/D30/,,,0,0,0,0,1.125,HTTPError('404 Client Error: Not Found for url: https://poi.mapbar.com/zhuhai/D30/')
驻马店市,zhumadian,http://poi.mapbar.com/zhumadian/,http://poi.mapbar.com/zhumadian/D30/,,,0,0,0,0,1.119,HTTPError('404 Client Error: Not Found for url: https://poi.mapbar.com/zhumadian/D30/')
株洲市,zhuzhou,http://poi.mapbar.com/zhuzhou/,http://poi.mapbar.com/zhuzhou/D30/,,,0,0,0,0,1.125,HTTPError('404 Client Error: Not Found for url: https://poi.mapbar.com/zhuzhou/D30/')
淄博市,zibo,http://poi.mapbar.com/zibo/,http://poi.mapbar.com/zibo/D30/,,,0,0,0,0,1.127,HTTPError('404 Client Error: Not Found for url: https://poi.mapbar.com/zibo/D30/')
自贡市,zigong,http://poi.mapbar.com/zigong/,http://poi.mapbar.com/zigong/D30/,,,0,0,0,0,1.119,HTTPError('404 Client Error: Not Found for url: https://poi.mapbar.com/zigong/D30/')
资阳市,ziyang,http://poi.mapbar.com/ziyang/,http://poi.mapbar.com/ziyang/D30/,,,0,0,0,0,1.138,HTTPError('404 Client Error: Not Found for url: https://poi.mapbar.com/ziyang/D30/')
遵义市,zunyi,http://poi.mapbar.com/zunyi/,http://poi.mapbar.com/zunyi/D30/,,,0,0,0,0,1.12,HTTPError('404 Client Error: Not Found for url: https://poi.mapbar.com/zunyi/D30/')
