源文件,工作表,行号,字段1,字段2,字段3,字段4,字段5,字段6,字段7,字段8,字段9,字段10,字段11,字段12,字段13,字段14,字段15,字段16,字段17,字段18,字段19
2026年门店统采报价单.xlsx,标段2,1,报价单,,,,,,,,,,,,,,,,,,
2026年门店统采报价单.xlsx,标段2,2,项目名称：2026全年度 老百姓大药房全国门店办公纸类&办公用品&硒鼓&低值易耗&日用品&小电器产品采购项目,,,,,,,,,,,,,,,,,,
2026年门店统采报价单.xlsx,标段2,3,"说明：请填写报价单标黄部分,标段2预算339万元",,,,,,,,,,,,,,,,,,
2026年门店统采报价单.xlsx,标段2,4,报价单位（章）：,,,,,,,,,,,,,,,,,,
2026年门店统采报价单.xlsx,标段2,5,报价时间：,,,,,,,,,,,,,,,,,,
2026年门店统采报价单.xlsx,标段2,6,备注：本报价为含税价，税率为 %，开具增值税 （填写专用或者普通）发票。,,,,,,,,,,,,,,,,,,
2026年门店统采报价单.xlsx,标段2,7,标段,品类,序号,商品名称,是否送样,商品编码,年度采购量,厂家/品牌,规格,单位,配送方式,备注,单价,小计,报价厂家/品牌,报价规格,投标方备注,,
2026年门店统采报价单.xlsx,标段2,8,标段2,办公用品,10,有线鼠标,否,9500301028,650,罗技,灰黑色M90,个,供应商发湖南丰沃达,,,,罗技,灰黑色M90,,,
2026年门店统采报价单.xlsx,标段2,9,标段2,办公用品,11,无线鼠标,否,9500301029,274,罗技,灰黑色M185,个,供应商发湖南丰沃达,,,,罗技,灰黑色M185,,,
2026年门店统采报价单.xlsx,标段2,10,标段2,办公用品,12,鼠标垫,否,212345,200,得力/晨光,黑色 耐磨250mm*200mm,个,供应商发湖南丰沃达,,,,得力/晨光,黑色 耐磨250mm*200mm,,,
2026年门店统采报价单.xlsx,标段2,11,标段2,办公用品,13,键盘,否,9500301030,675,罗技,USB接口/黑色/K120,个,供应商发湖南丰沃达,,,,罗技,USB接口/黑色/K120,,,
2026年门店统采报价单.xlsx,标段2,12,标段2,办公用品,14,回形针,否,9500301031,14166,得力/晨光,得力0018,盒,供应商发湖南丰沃达,,,,得力/晨光,得力0018,,,
2026年门店统采报价单.xlsx,标段2,13,标段2,办公用品,15,原子印油,否,9500301033,571,得力/晨光,40ML快干印油,瓶,供应商发湖南丰沃达,,,,得力/晨光,40ML快干印油,,,
2026年门店统采报价单.xlsx,标段2,14,标段2,办公用品,16,光敏印油,否,9500301034,632,得力/晨光,10ML光敏印油,瓶,供应商发湖南丰沃达,,,,得力/晨光,10ML光敏印油,,,
2026年门店统采报价单.xlsx,标段2,15,标段2,办公用品,17,印泥（蓝色）,否,9500301035,146,得力/晨光,[内径62mm]透明快干印台-蓝,个,供应商发湖南丰沃达,,,,得力/晨光,[内径62mm]透明快干印台-蓝,,,
2026年门店统采报价单.xlsx,标段2,16,标段2,办公用品,18,印泥（红色）,否,9500301036,1551,得力/晨光,[内径62mm]透明快干印台-红,个,供应商发湖南丰沃达,,,,得力/晨光,[内径62mm]透明快干印台-红,,,
2026年门店统采报价单.xlsx,标段2,17,标段2,办公用品,19,水性笔（红）,否,9500301037,7238,得力/晨光,红色6600ES/0.5mm,支,供应商发湖南丰沃达,,,,得力/晨光,红色6600ES/0.5mm,,,
2026年门店统采报价单.xlsx,标段2,18,标段2,办公用品,20,水性笔（黑）,否,9500301038,31224,得力/晨光,黑色6600ES/0.5mm,支,供应商发湖南丰沃达,,,,得力/晨光,黑色6600ES/0.5mm,,,
2026年门店统采报价单.xlsx,标段2,19,标段2,办公用品,21,水性笔（蓝）,否,9500301039,2556,得力/晨光,蓝色6600ES/0.5mm,支,供应商发湖南丰沃达,,,,得力/晨光,蓝色6600ES/0.5mm,,,
2026年门店统采报价单.xlsx,标段2,20,标段2,办公用品,22,便利贴,否,9500301040,4239,得力/晨光,告示贴76mm*76mm/100张,本,供应商发湖南丰沃达,,,,得力/晨光,告示贴76mm*76mm/100张,,,
2026年门店统采报价单.xlsx,标段2,21,标段2,办公用品,23,网格拉链袋,否,9500301043,1734,得力/晨光,A4,个,供应商发湖南丰沃达,,,,得力/晨光,A4,,,
2026年门店统采报价单.xlsx,标段2,22,标段2,办公用品,24,透明拉链袋,否,9500301044,2253,得力/晨光,A4,个,供应商发湖南丰沃达,,,,得力/晨光,A4,,,
2026年门店统采报价单.xlsx,标段2,23,标段2,办公用品,25,A4文件夹,否,9500301045,1453,得力/晨光,单强力夹/蓝色,个,供应商发湖南丰沃达,,,,得力/晨光,单强力夹/蓝色,,,
2026年门店统采报价单.xlsx,标段2,24,标段2,办公用品,26,A4抽杆文件夹,否,9500301046,4956,得力/晨光,"A4抽杆文件夹, 5个/包",包,供应商发湖南丰沃达,,,,得力/晨光,"A4抽杆文件夹, 5个/包",,,
2026年门店统采报价单.xlsx,标段2,25,标段2,办公用品,27,A4档案袋（竖版）,否,9500301047,117888,得力/晨光,A4牛皮档案袋，克重175,个,供应商发湖南丰沃达,,,,得力/晨光,A4牛皮档案袋，克重175,,,
2026年门店统采报价单.xlsx,标段2,26,标段2,办公用品,28,计算器,否,9500301048,1329,得力/晨光,语音功能，黑色837Y,个,供应商发湖南丰沃达,,,,得力/晨光,语音功能，黑色837Y,,,
2026年门店统采报价单.xlsx,标段2,27,标段2,办公用品,29,燕尾夹41mm,否,9500301049,1185,得力/晨光,黑色41mm，24只,盒,供应商发湖南丰沃达,,,,得力/晨光,黑色41mm，24只,,,
2026年门店统采报价单.xlsx,标段2,28,标段2,办公用品,30,燕尾夹32mm,否,9500301050,1005,得力/晨光,黑色32mm，24只,盒,供应商发湖南丰沃达,,,,得力/晨光,黑色32mm，24只,,,
2026年门店统采报价单.xlsx,标段2,29,标段2,办公用品,31,燕尾夹25mm,否,9500301051,896,得力/晨光,黑色25mm，48只,盒,供应商发湖南丰沃达,,,,得力/晨光,黑色25mm，48只,,,
2026年门店统采报价单.xlsx,标段2,30,标段2,办公用品,32,燕尾夹19mm,否,9500301052,943,得力/晨光,黑色19mm，40只,盒,供应商发湖南丰沃达,,,,得力/晨光,黑色19mm，40只,,,
2026年门店统采报价单.xlsx,标段2,31,标段2,办公用品,33,燕尾夹15mm,否,9500301053,764,得力/晨光,黑色19mm，60只,盒,供应商发湖南丰沃达,,,,得力/晨光,黑色19mm，60只,,,
2026年门店统采报价单.xlsx,标段2,32,标段2,办公用品,34,夹板,否,9500301054,791,得力/晨光,A4/蓝色,个,供应商发湖南丰沃达,,,,得力/晨光,A4/蓝色,,,
2026年门店统采报价单.xlsx,标段2,33,标段2,办公用品,35,卷尺,否,9500301055,992,得力/晨光,3米刚卷尺,个,供应商发湖南丰沃达,,,,得力/晨光,3米刚卷尺,,,
2026年门店统采报价单.xlsx,标段2,34,标段2,办公用品,36,剪刀,否,9500301056,3992,得力/晨光,170mm中号,把,供应商发湖南丰沃达,,,,得力/晨光,170mm中号,,,
2026年门店统采报价单.xlsx,标段2,35,标段2,办公用品,37,固体胶,否,9500301057,23945,得力/晨光,强力PVP固体胶，21g/支,支,供应商发湖南丰沃达,,,,得力/晨光,强力PVP固体胶，21g/支,,,
2026年门店统采报价单.xlsx,标段2,36,标段2,办公用品,38,透明胶（小）-新,是,9500301116,4618,得力/晨光,易撕透明胶带12mm*18m-6卷装,筒,供应商发湖南丰沃达,,,,得力/晨光,易撕透明胶带12mm*18m-6卷装,,,
2026年门店统采报价单.xlsx,标段2,37,标段2,办公用品,39,小透明胶带切,是,9500301060,403,得力/晨光,胶带座宽度 ≤18mm,个,供应商发湖南丰沃达,,,,得力/晨光,胶带座宽度 ≤18mm,,,
2026年门店统采报价单.xlsx,标段2,38,标段2,办公用品,40,订书针,否,9500301061,89124,得力/晨光,12#订书针 1000枚/盒 可订25页,盒,供应商发湖南丰沃达,,,,得力/晨光,12#订书针 1000枚/盒 可订25页,,,
2026年门店统采报价单.xlsx,标段2,39,标段2,办公用品,41,订书机,否,9500301062,2660,得力/晨光,适配12#钉,个,供应商发湖南丰沃达,,,,得力/晨光,适配12#钉,,,
2026年门店统采报价单.xlsx,标段2,40,标段2,办公用品,42,宣传台卡-A5竖版,是,9500201042,4977,,A5亚克力强磁台卡,个,供应商发湖南丰沃达,,,,,A5亚克力强磁台卡,,,
2026年门店统采报价单.xlsx,标段2,41,标段2,办公用品,43,V型桌卡,是,9500201043,193,得力/晨光,卡壳立牌200*100mm,个,供应商发湖南丰沃达,,,,得力/晨光,卡壳立牌200*100mm,,,
2026年门店统采报价单.xlsx,标段2,42,标段2,办公用品,44,宣传台卡-A5横版,否,9500201044,1178,,A5亚克力强磁台卡,个,供应商发湖南丰沃达,,,,,A5亚克力强磁台卡,,,
2026年门店统采报价单.xlsx,标段2,43,标段2,办公用品,45,宣传台卡-A4竖版,否,9500301132,2816,,A4亚克力强磁台卡,个,供应商发湖南丰沃达,,,,,A4亚克力强磁台卡,,,
2026年门店统采报价单.xlsx,标段2,44,标段2,办公用品,46,宣传台卡-A4横版,否,9500301133,539,,A4亚克力强磁台卡,个,供应商发湖南丰沃达,,,,,A4亚克力强磁台卡,,,
2026年门店统采报价单.xlsx,标段2,45,标段2,办公用品,47,12号POP笔（黑色）,否,9500301007,3118,宝克/晨光,12号黑色MK860,支,供应商发湖南丰沃达,,,,宝克/晨光,12号黑色MK860,,,
2026年门店统采报价单.xlsx,标段2,46,标段2,办公用品,48,12号POP笔（红色）,否,9500301008,5237,宝克/晨光,12号红色MK860,支,供应商发湖南丰沃达,,,,宝克/晨光,12号红色MK860,,,
2026年门店统采报价单.xlsx,标段2,47,标段2,办公用品,49,12号POP笔（绿色）,否,9500301009,1585,宝克/晨光,12号绿色MK860,支,供应商发湖南丰沃达,,,,宝克/晨光,12号绿色MK860,,,
2026年门店统采报价单.xlsx,标段2,48,标段2,办公用品,50,12号POP笔（蓝色）,否,9500301010,2112,宝克/晨光,12号蓝色MK860,支,供应商发湖南丰沃达,,,,宝克/晨光,12号蓝色MK860,,,
2026年门店统采报价单.xlsx,标段2,49,标段2,办公用品,51,12号POP笔（黄色）,否,9500301011,3030,宝克/晨光,12号黄色MK860,支,供应商发湖南丰沃达,,,,宝克/晨光,12号黄色MK860,,,
2026年门店统采报价单.xlsx,标段2,50,标段2,办公用品,52,12号POP笔（紫色）,否,312345,500,宝克/晨光,12号紫色MK860,,供应商发湖南丰沃达,,,,宝克/晨光,12号紫色MK860,,,
2026年门店统采报价单.xlsx,标段2,51,标段2,办公用品,53,20号POP笔（黑色）,否,9500301012,1138,宝克/晨光,20号黑色MK860,支,供应商发湖南丰沃达,,,,宝克/晨光,20号黑色MK860,,,
2026年门店统采报价单.xlsx,标段2,52,标段2,办公用品,54,20号POP笔（红色）,否,9500301013,2867,宝克/晨光,20号红色MK860,支,供应商发湖南丰沃达,,,,宝克/晨光,20号红色MK860,,,
2026年门店统采报价单.xlsx,标段2,53,标段2,办公用品,55,20号POP笔（蓝色）,否,9500301014,1149,宝克/晨光,20号蓝色MK860,支,供应商发湖南丰沃达,,,,宝克/晨光,20号蓝色MK860,,,
2026年门店统采报价单.xlsx,标段2,54,标段2,办公用品,56,20号POP笔（绿色）,否,9500301015,946,宝克/晨光,20号绿色MK860,支,供应商发湖南丰沃达,,,,宝克/晨光,20号绿色MK860,,,
2026年门店统采报价单.xlsx,标段2,55,标段2,办公用品,57,20号POP笔（黄色）,否,412345,500,宝克/晨光,20号黄色MK860,支,供应商发湖南丰沃达,,,,宝克/晨光,20号黄色MK860,,,
2026年门店统采报价单.xlsx,标段2,56,标段2,办公用品,58,20号POP笔（紫色）,否,512345,500,宝克/晨光,20号紫色MK860,支,供应商发湖南丰沃达,,,,宝克/晨光,20号紫色MK860,,,
2026年门店统采报价单.xlsx,标段2,57,标段2,办公用品,59,6号POP笔（黑色）,否,9500301016,5358,宝克/晨光,6号黑色MK860,支,供应商发湖南丰沃达,,,,宝克/晨光,6号黑色MK860,,,
2026年门店统采报价单.xlsx,标段2,58,标段2,办公用品,60,6号POP笔（红色）,否,9500301017,5457,宝克/晨光,6号红色MK860,支,供应商发湖南丰沃达,,,,宝克/晨光,6号红色MK860,,,
2026年门店统采报价单.xlsx,标段2,59,标段2,办公用品,61,6号POP笔（绿色）,否,9500301018,1240,宝克/晨光,6号绿色MK860,支,供应商发湖南丰沃达,,,,宝克/晨光,6号绿色MK860,,,
2026年门店统采报价单.xlsx,标段2,60,标段2,办公用品,62,6号POP笔（黄色）,否,9500301019,1138,宝克/晨光,6号黄色MK860,支,供应商发湖南丰沃达,,,,宝克/晨光,6号黄色MK860,,,
2026年门店统采报价单.xlsx,标段2,61,标段2,办公用品,63,6号POP笔（蓝色）,否,9500301020,2296,宝克/晨光,6号蓝色MK860,支,供应商发湖南丰沃达,,,,宝克/晨光,6号蓝色MK860,,,
2026年门店统采报价单.xlsx,标段2,62,标段2,办公用品,64,6号POP笔（紫色）,否,9500301021,774,宝克/晨光,6号紫色MK860,支,供应商发湖南丰沃达,,,,宝克/晨光,6号紫色MK860,,,
2026年门店统采报价单.xlsx,标段2,63,标段2,办公用品,65,30号POP笔（黑色）,是,612345,500,宝克/晨光,30号黑色MK860,支,供应商发湖南丰沃达,,,,宝克/晨光,30号黑色MK860,,,
2026年门店统采报价单.xlsx,标段2,64,标段2,办公用品,66,30号POP笔（红色）,是,712345,500,宝克/晨光,30号红色MK860,支,供应商发湖南丰沃达,,,,宝克/晨光,30号红色MK860,,,
2026年门店统采报价单.xlsx,标段2,65,标段2,办公用品,67,30号POP笔（蓝色）,否,812345,500,宝克/晨光,30号蓝色MK860,支,供应商发湖南丰沃达,,,,宝克/晨光,30号蓝色MK860,,,
2026年门店统采报价单.xlsx,标段2,66,标段2,办公用品,68,30号POP笔（绿色）,否,912345,500,宝克/晨光,30号绿色MK860,支,供应商发湖南丰沃达,,,,宝克/晨光,30号绿色MK860,,,
2026年门店统采报价单.xlsx,标段2,67,标段2,办公用品,69,30号POP笔（黄色）,否,123456,500,宝克/晨光,30号黄色MK860,支,供应商发湖南丰沃达,,,,宝克/晨光,30号黄色MK860,,,
2026年门店统采报价单.xlsx,标段2,68,标段2,办公用品,70,30号POP笔（紫色）,否,223456,500,宝克/晨光,30号紫色MK860,支,供应商发湖南丰沃达,,,,宝克/晨光,30号紫色MK860,,,
2026年门店统采报价单.xlsx,标段2,69,标段2,办公用品,71,POP笔补充液（黑色）,是,9500301022,4103,宝克/晨光,黑色MK801-25,支,供应商发湖南丰沃达,,,,宝克/晨光,黑色MK801-25,,,
2026年门店统采报价单.xlsx,标段2,70,标段2,办公用品,72,POP笔补充液（红色）,是,9500301023,8873,宝克/晨光,红色MK801-25,支,供应商发湖南丰沃达,,,,宝克/晨光,红色MK801-25,,,
2026年门店统采报价单.xlsx,标段2,71,标段2,办公用品,73,POP笔补充液（绿色）,否,9500301024,1764,宝克/晨光,绿色MK801-25,支,供应商发湖南丰沃达,,,,宝克/晨光,绿色MK801-25,,,
2026年门店统采报价单.xlsx,标段2,72,标段2,办公用品,74,POP笔补充液（蓝色）,否,9500301025,2789,宝克/晨光,蓝色MK801-25,支,供应商发湖南丰沃达,,,,宝克/晨光,蓝色MK801-25,,,
2026年门店统采报价单.xlsx,标段2,73,标段2,办公用品,75,POP笔补充液（黄色）,否,9500301026,4468,宝克/晨光,黄色MK801-25,支,供应商发湖南丰沃达,,,,宝克/晨光,黄色MK801-25,,,
2026年门店统采报价单.xlsx,标段2,74,标段2,办公用品,76,POP笔补充液（紫色）,否,9500301027,685,宝克/晨光,紫色MK801-25,支,供应商发湖南丰沃达,,,,宝克/晨光,紫色MK801-25,,,
2026年门店统采报价单.xlsx,标段2,75,标段2,办公用品,77,文件盒,否,9500301042,6000,得力/晨光,背宽5.5CM 大容量加厚,个,供应商发湖南丰沃达,,,,得力/晨光,背宽5.5CM 大容量加厚,,,
2026年门店统采报价单.xlsx,标段2,76,标段2,办公用品,78,文件栏,否,9500301041,1040,得力/晨光,三联文件栏,个,供应商发湖南丰沃达,,,,得力/晨光,三联文件栏,,,
2026年门店统采报价单.xlsx,标段2,77,标段2,办公用品,79,原子印油（蓝色）,否,9500301118,92,得力/晨光,40ML快干蓝色印油,瓶,供应商发湖南丰沃达,,,,得力/晨光,40ML快干蓝色印油,,,
2026年门店统采报价单.xlsx,标段2,78,标段2,办公用品,80,双面泡棉胶带,否,9500301121,990,得力/晨光,"高粘EVA,18mm*5y*2.5mm加厚",卷,供应商发湖南丰沃达,,,,得力/晨光,"高粘EVA,18mm*5y*2.5mm加厚",,,
2026年门店统采报价单.xlsx,标段2,79,标段2,办公用品,81,键盘鼠标套装,否,9500301122,436,罗技,全尺寸有线一套,套,供应商发湖南丰沃达,,,,罗技,全尺寸有线一套,,,
2026年门店统采报价单.xlsx,标段2,80,标段2,办公用品,82,POP记号笔（12色）,是,9500301129,2110,宝克/晨光,双头 MP210-12,套,供应商发湖南丰沃达,,,,宝克/晨光,双头 MP210-12,,,
2026年门店统采报价单.xlsx,标段2,81,标段2,办公用品,83,双头马克笔（24色）,是,323456,1000,得力/晨光,6MM方头&1MM圆头,套,供应商发湖南丰沃达,,,,得力/晨光,6MM方头&1MM圆头,,,
2026年门店统采报价单.xlsx,标段2,82,标段2,办公用品,84,记号笔（黑色）,是,423456,1000,得力/晨光,黑色，粗细双头，0.5mm/1.2mm,支,供应商发湖南丰沃达,,,,得力/晨光,黑色，粗细双头，0.5mm/1.2mm,,,
2026年门店统采报价单.xlsx,标段2,83,标段2,办公用品,85,记号笔（红色）,是,523456,1000,得力/晨光,红色，粗细双头，0.5mm/1.2mm,支,供应商发湖南丰沃达,,,,得力/晨光,红色，粗细双头，0.5mm/1.2mm,,,
2026年门店统采报价单.xlsx,标段2,84,标段2,办公用品,86,记号笔（蓝色）,是,623456,1000,得力/晨光,蓝色，粗细双头，0.5mm/1.2mm,支,供应商发湖南丰沃达,,,,得力/晨光,蓝色，粗细双头，0.5mm/1.2mm,,,
2026年门店统采报价单.xlsx,标段2,85,标段2,办公用品,87,大美工刀,否,9500301134,2300,得力/晨光,"手动锁定,大号",个,供应商发湖南丰沃达,,,,得力/晨光,"手动锁定,大号",,,
2026年门店统采报价单.xlsx,标段2,86,标段2,办公用品,88,大刀片,否,9500301135,1028,得力/晨光,配套大美工刀替换装,盒,供应商发湖南丰沃达,,,,得力/晨光,配套大美工刀替换装,,,
2026年门店统采报价单.xlsx,标段2,87,标段2,办公用品,89,扣式文件袋,否,9500301136,4406,得力/晨光,A4，按扣透明,个,供应商发湖南丰沃达,,,,得力/晨光,A4，按扣透明,,,
2026年门店统采报价单.xlsx,标段2,88,标段2,办公用品,90,40页资料册,否,9500301137,561,得力/晨光,A4/40页,本,供应商发湖南丰沃达,,,,得力/晨光,A4/40页,,,
2026年门店统采报价单.xlsx,标段2,89,标段2,办公用品,91,60页资料册,否,9500301138,289,得力/晨光,A4/60页,本,供应商发湖南丰沃达,,,,得力/晨光,A4/60页,,,
2026年门店统采报价单.xlsx,标段2,90,标段2,办公用品,92,80页资料册,否,9500301139,898,得力/晨光,A4/80页,本,供应商发湖南丰沃达,,,,得力/晨光,A4/80页,,,
2026年门店统采报价单.xlsx,标段2,91,标段2,办公用品,93,B5笔记本,否,9500301140,12262,得力/晨光,无线胶装本加厚B5/50张,本,供应商发湖南丰沃达,,,,得力/晨光,无线胶装本加厚B5/50张,,,
2026年门店统采报价单.xlsx,标段2,92,标段2,办公用品,94,笔芯（黑）,否,9500301141,32814,得力/晨光,0.5 黑色 中性笔替芯,支,供应商发湖南丰沃达,,,,得力/晨光,0.5 黑色 中性笔替芯,,,
2026年门店统采报价单.xlsx,标段2,93,标段2,办公用品,95,笔芯（红）,否,9500301142,4175,得力/晨光,0.5 红色 中性笔替芯,支,供应商发湖南丰沃达,,,,得力/晨光,0.5 红色 中性笔替芯,,,
2026年门店统采报价单.xlsx,标段2,94,标段2,办公用品,96,双面胶,否,9500301143,4144,得力/晨光,高粘棉纸双面胶带 12mm*10y(9.1m/卷),个,供应商发湖南丰沃达,,,,得力/晨光,高粘棉纸双面胶带 12mm*10y(9.1m/卷),,,
2026年门店统采报价单.xlsx,标段2,95,标段2,办公用品,97,无痕胶,是,9500301144,15845,得力/晨光,强力纳米无痕双面胶 30mm*3m*2mm,个,供应商发湖南丰沃达,,,,得力/晨光,强力纳米无痕双面胶 30mm*3m*2mm,,,
2026年门店统采报价单.xlsx,标段2,96,标段2,办公用品,98,大透明胶带切,是,9500201128,1124,,48mm 大透明胶配套使用,个,供应商发湖南丰沃达,,,,,48mm 大透明胶配套使用,,,
2026年门店统采报价单.xlsx,标段2,97,标段2,办公用品,99,白板笔（蓝色）,否,9500301157,264,得力/晨光,可擦，蓝色,只,供应商发湖南丰沃达,,,,得力/晨光,可擦，蓝色,,,
2026年门店统采报价单.xlsx,标段2,98,标段2,办公用品,100,白板笔（黑色）,否,9500301158,609,得力/晨光,可擦，黑色,只,供应商发湖南丰沃达,,,,得力/晨光,可擦，黑色,,,
2026年门店统采报价单.xlsx,标段2,99,标段2,办公用品,101,白板笔（红色）,否,9500301159,351,得力/晨光,可擦，红色,只,供应商发湖南丰沃达,,,,得力/晨光,可擦，红色,,,
2026年门店统采报价单.xlsx,标段2,100,标段2,办公用品,102,大透明胶（200y）,是,9500201123,24332,得力/晨光,48mm*150y,卷,供应商发湖南丰沃达,,,,得力/晨光,48mm*150y,,,
2026年门店统采报价单.xlsx,标段2,101,标段2,办公用品,103,亚银标签纸（资产标签专用）,否,9500301160,35,,60*40*1000,卷,供应商发湖南丰沃达,,,,,60*40*1000,,,
2026年门店统采报价单.xlsx,标段2,102,标段2,办公用品,104,液体胶水,否,723456,1000,得力/晨光,125ml液体胶水/高粘,瓶,供应商发湖南丰沃达,,,,得力/晨光,125ml液体胶水/高粘,,,
2026年门店统采报价单.xlsx,标段2,103,标段2,办公用品,105,直尺,否,823456,1000,得力/晨光,30cm,把,供应商发湖南丰沃达,,,,得力/晨光,30cm,,,
2026年门店统采报价单.xlsx,标段2,104,标段2,办公用品,106,铅笔,否,923456,1000,得力/晨光,HB,支,供应商发湖南丰沃达,,,,得力/晨光,HB,,,
2026年门店统采报价单.xlsx,标段2,105,标段2,办公用品,107,橡皮擦,否,134567,1000,得力/晨光,HB橡皮擦,个,供应商发湖南丰沃达,,,,得力/晨光,HB橡皮擦,,,
2026年门店统采报价单.xlsx,标段2,106,标段2,办公用品,108,卷笔刀,否,234567,1000,得力/晨光,简约卷笔刀,个,供应商发湖南丰沃达,,,,得力/晨光,简约卷笔刀,,,
2026年门店统采报价单.xlsx,标段2,107,标段2,办公用品,109,起钉器,否,334567,1000,得力/晨光,带安全锁,个,供应商发湖南丰沃达,,,,得力/晨光,带安全锁,,,
2026年门店统采报价单.xlsx,标段2,108,标段2,办公用品,110,A5软抄本,否,434567,1000,得力/晨光,无线装订本加厚A5/30页,个,供应商发湖南丰沃达,,,,得力/晨光,无线装订本加厚A5/30页,,,
2026年门店统采报价单.xlsx,标段2,109,标段2,办公用品,111,营业执照证件保护套,否,945678,3000,,"磁吸,A3",个,供应商发湖南丰沃达,,,,,"磁吸,A3",,,
2026年门店统采报价单.xlsx,标段2,110,标段2,办公用品,112,营业执照证件保护套,否,156789,3000,,"磁铁,A4",个,供应商发湖南丰沃达,,,,,"磁铁,A4",,,
2026年门店统采报价单.xlsx,标段2,111,标段2,办公用品,113,三层整理架(竖),否,656789,50,,9209,个,供应商发集团总部,,,,,9209,,,
2026年门店统采报价单.xlsx,标段2,112,标段2,办公用品,114,直液式走珠笔,否,756789,600,,S856,支,供应商发集团总部,,,,,S856,,,
2026年门店统采报价单.xlsx,标段2,113,标段2,办公用品,115,荧光笔,否,856789,40,,S600荧光笔 颜色：橙，粉红，黄，蓝，绿，紫,支,供应商发集团总部,,,,,S600荧光笔 颜色：橙，粉红，黄，蓝，绿，紫,,,
2026年门店统采报价单.xlsx,标段2,114,标段2,办公用品,116,标签纸小,否,956789,800,,7194,张,供应商发集团总部,,,,,7194,,,
2026年门店统采报价单.xlsx,标段2,115,标段2,办公用品,117,标签纸大,否,167890,120,,,张,供应商发集团总部,,,,,,,,
2026年门店统采报价单.xlsx,标段2,116,标段2,办公用品,118,笔筒,否,267890,40,,PK910,个,供应商发集团总部,,,,,PK910,,,
2026年门店统采报价单.xlsx,标段2,117,标段2,办公用品,119,白板擦,否,367890,40,,得力7810白板擦110*48*40(灰)(只),个,供应商发集团总部,,,,,得力7810白板擦110*48*40(灰)(只),,,
2026年门店统采报价单.xlsx,标段2,118,标段2,办公用品,120,博文软壳本,否,467890,100,,148*210mm 60 张,本,供应商发集团总部,,,,,148*210mm 60 张,,,
2026年门店统采报价单.xlsx,标段2,119,标段2,办公用品,121,网格拉链袋,否,567890,100,,A6,个,供应商发集团总部,,,,,A6,,,
2026年门店统采报价单.xlsx,标段2,120,标段2,办公用品,122,快干印泥,否,667890,20,,,个,供应商发集团总部,,,,,,,,
2026年门店统采报价单.xlsx,标段2,121,标段2,办公用品,123,收据,否,767890,100,,3联,本,供应商发集团总部,,,,,3联,,,
2026年门店统采报价单.xlsx,标段2,122,标段2,办公用品,124,点胶,否,867890,50,,15mm*144片,个,供应商发集团总部,,,,,15mm*144片,,,
2026年门店统采报价单.xlsx,标段2,123,标段2,办公用品,125,荣誉证书,否,967890,50,,A5,本,供应商发集团总部,,,,,A5,,,
2026年门店统采报价单.xlsx,标段2,124,标段2,办公用品,126,牛津布公文包,否,178901,50,,蓝色立体,个,供应商发集团总部,,,,,蓝色立体,,,
2026年门店统采报价单.xlsx,标段2,125,标段2,办公用品,127,会计凭证包角,否,278901,500,,A4 50张/包,包,供应商发集团总部,,,,,A4 50张/包,,,
2026年门店统采报价单.xlsx,标段2,126,标段2,办公用品,128,会计凭证封面、封底,否,378901,500,,A4 25套/包,包,供应商发集团总部,,,,,A4 25套/包,,,
2026年门店统采报价单.xlsx,标段2,127,标段2,办公用品,129,尼龙铆管,否,478901,8,,直径5.2mm*长500mm 100支/盒,盒,供应商发集团总部,,,,,直径5.2mm*长500mm 100支/盒,,,
2026年门店统采报价单.xlsx,标段2,128,标段2,办公用品,130,号码机油墨,否,578901,10,,40ml 黑色,瓶,供应商发集团总部,,,,,40ml 黑色,,,
2026年门店统采报价单.xlsx,标段2,129,标段2,办公用品,131,装订压条,否,678901,3,,5mm 一盒100根,盒,供应商发集团总部,,,,,5mm 一盒100根,,,
2026年门店统采报价单.xlsx,标段2,130,标段2,办公用品,132,装订胶片,否,778901,3,,100张/包,包,供应商发集团总部,,,,,100张/包,,,
2026年门店统采报价单.xlsx,标段2,131,标段2,办公用品,133,大号塑料打包袋,否,878901,80,,45个/包,包,供应商发集团总部,,,,,45个/包,,,
2026年门店统采报价单.xlsx,标段2,132,标段2,办公用品,134,1TB移动硬盘 西部数据,否,154321,10,,,个,供应商发集团总部,,,,,,,,
2026年门店统采报价单.xlsx,标段2,133,标段2,办公用品,135,工牌卡套,否,254321,800,,PP 材料 后掀盖，透明片固定结构，表面整体磨砂，54*85MM，后盖需印上公司二维码,个,供应商发集团总部,,,,,PP 材料 后掀盖，透明片固定结构，表面整体磨砂，54*85MM，后盖需印上公司二维码,,,
2026年门店统采报价单.xlsx,标段2,134,标段2,办公用品,136,员工用工牌绳(白色带L0G0),否,354321,800,,灰色，长 45CM，需印上公司 LOG0,根,供应商发集团总部,,,,,灰色，长 45CM，需印上公司 LOG0,,,
2026年门店统采报价单.xlsx,标段2,135,标段2,办公用品,137,访客用工牌绳(红色不带L.OGO),否,454321,1000,,,根,供应商发集团总部,,,,,,,,
2026年门店统采报价单.xlsx,标段2,136,标段2,日用品,138,筛子,否,9500201003,261,,30cm 60目/不锈钢,个,供应商发湖南丰沃达,,,,,30cm 60目/不锈钢,,,
2026年门店统采报价单.xlsx,标段2,137,标段2,日用品,139,冰箱保鲜盒（中号）,否,9500201004,1387,,25*18*8cm,个,供应商发湖南丰沃达,,,,,25*18*8cm,,,
2026年门店统采报价单.xlsx,标段2,138,标段2,日用品,140,小垃圾袋（新）,否,9500201118,56958,,50*60（50个）/黑色,卷,供应商发湖南丰沃达,,,,,50*60（50个）/黑色,,,
2026年门店统采报价单.xlsx,标段2,139,标段2,日用品,141,不锈钢盘（36*27cm）,否,9500201008,364,,36*27*2mm/不锈钢,个,供应商发湖南丰沃达,,,,,36*27*2mm/不锈钢,,,
2026年门店统采报价单.xlsx,标段2,140,标段2,日用品,142,不锈钢盘（32*22cm）,否,9500201009,207,,32*22*2mm/不锈钢,个,供应商发湖南丰沃达,,,,,32*22*2mm/不锈钢,,,
2026年门店统采报价单.xlsx,标段2,141,标段2,日用品,143,PVC透明防尘垫（60*80cm）,否,9500201010,580,,60cm*80cm*0.3cm,块,供应商发湖南丰沃达,,,,,60cm*80cm*0.3cm,,,
2026年门店统采报价单.xlsx,标段2,142,标段2,日用品,144,PVC透明防尘垫（60*120cm）,否,9500201011,467,,60cm*120cm*0.3cm,块,供应商发湖南丰沃达,,,,,60cm*120cm*0.3cm,,,
2026年门店统采报价单.xlsx,标段2,143,标段2,日用品,145,PVC透明防尘垫（50*45cm）,否,9500201012,174,,50cm*45cm*0.2cm,块,供应商发湖南丰沃达,,,,,50cm*45cm*0.2cm,,,
2026年门店统采报价单.xlsx,标段2,144,标段2,日用品,146,3m插线板(10个三孔),否,9500201013,865,公牛,公牛/GN-M1080 3m 10个三孔 超功率保护,个,供应商发湖南丰沃达,,,,公牛,公牛/GN-M1080 3m 10个三孔 超功率保护,,,
2026年门店统采报价单.xlsx,标段2,145,标段2,日用品,147,插线板（2个三孔+2个USB）,否,9500201014,504,公牛,公牛/GNV-UUA122/2个三孔+2个USB,个,供应商发湖南丰沃达,,,,公牛,公牛/GNV-UUA122/2个三孔+2个USB,,,
2026年门店统采报价单.xlsx,标段2,146,标段2,日用品,148,3m插线板(8个三孔),否,9500201015,1523,公牛,公牛/GN-M1080 3m 8个三孔,个,供应商发湖南丰沃达,,,,公牛,公牛/GN-M1080 3m 8个三孔,,,
2026年门店统采报价单.xlsx,标段2,147,标段2,日用品,149,圆形温湿度计（直径13cm）,是,9500201017,4197,,圆形；直径13cm,个,供应商发湖南丰沃达,1、合格证；2、年度校准报告,,,,圆形；直径13cm,,,
2026年门店统采报价单.xlsx,标段2,148,标段2,日用品,150,1.5L玻璃壶,是,9500201018,1021,,1.5L玻璃壶,个,供应商发湖南丰沃达,,,,,1.5L玻璃壶,,,
2026年门店统采报价单.xlsx,标段2,149,标段2,日用品,151,茶水杯放置架,是,9500201020,1261,,10.3cm*10.5cm*24cm,个,供应商发湖南丰沃达,,,,,10.3cm*10.5cm*24cm,,,
2026年门店统采报价单.xlsx,标段2,150,标段2,日用品,152,免费试吃盒（六分组合小盖款）,否,9500201021,815,,400ml/6个一套,套,供应商发湖南丰沃达,,,,,400ml/6个一套,,,
2026年门店统采报价单.xlsx,标段2,151,标段2,日用品,153,伞桶,否,9500201022,158,,"底15cm,高47cm,顶部22cm/白色/铁质",个,供应商发湖南丰沃达,,,,,"底15cm,高47cm,顶部22cm/白色/铁质",,,
2026年门店统采报价单.xlsx,标段2,152,标段2,日用品,154,雨天防滑地垫,否,9500201023,1078,,宽80cm*长120cm/绒布/带胶边/灰色,块,供应商发湖南丰沃达,,,,,宽80cm*长120cm/绒布/带胶边/灰色,,,
2026年门店统采报价单.xlsx,标段2,153,标段2,日用品,155,粘鼠板,否,9500201024,8710,,长38cm*宽26cm,张,供应商发湖南丰沃达,,,,,长38cm*宽26cm,,,
2026年门店统采报价单.xlsx,标段2,154,标段2,日用品,156,灭蝇灯,是,9500201028,246,,"尺寸:390x250x170，10W,白色",个,供应商发湖南丰沃达,,,,,"尺寸:390x250x170，10W,白色",,,
2026年门店统采报价单.xlsx,标段2,155,标段2,日用品,157,灭蝇纸（替换装）,是,734567,5000,,灭蝇灯配套 10片/包 25CM*10CM,张,供应商发湖南丰沃达,,,,,灭蝇灯配套 10片/包 25CM*10CM,,,
2026年门店统采报价单.xlsx,标段2,156,标段2,日用品,158,扩音器,是,9500201029,221,,十度-M100 USB 蓝牙功能,个,供应商发湖南丰沃达,,,,,十度-M100 USB 蓝牙功能,,,
2026年门店统采报价单.xlsx,标段2,157,标段2,日用品,159,入口门铃,是,9500201030,1134,,白色/充电款,个,供应商发湖南丰沃达,,,,,白色/充电款,,,
2026年门店统采报价单.xlsx,标段2,158,标段2,日用品,160,夜售对讲门铃,是,9500201002,514,,接收距离＞500米，白色 发射器：77*46*20mm； 接收器：95*65*24mm,对,供应商发湖南丰沃达,,,,,接收距离＞500米，白色 发射器：77*46*20mm； 接收器：95*65*24mm,,,
2026年门店统采报价单.xlsx,标段2,159,标段2,日用品,161,刷子（1寸）（刷中药药粉）,#N/A,9500201031,1357,,1寸/木柄/食品级,把,供应商发湖南丰沃达,,,,,1寸/木柄/食品级,,,
2026年门店统采报价单.xlsx,标段2,160,标段2,日用品,162,刷子（1.5寸）（刷中药药粉）,#N/A,9500201032,2604,,1.5寸/木柄/食品级,把,供应商发湖南丰沃达,,,,,1.5寸/木柄/食品级,,,
2026年门店统采报价单.xlsx,标段2,161,标段2,日用品,163,扎口胶,否,9500201033,359,,0.7cm宽*100m/绿色,卷,供应商发湖南丰沃达,,,,,0.7cm宽*100m/绿色,,,
2026年门店统采报价单.xlsx,标段2,162,标段2,日用品,164,戥子秤,否,9500201036,71,,"250g,铲盘加大加厚款",把,供应商发湖南丰沃达,,,,,"250g,铲盘加大加厚款",,,
2026年门店统采报价单.xlsx,标段2,163,标段2,日用品,165,多功能充电线,是,9500201038,1657,,一拖三数据线 1.2m,根,供应商发湖南丰沃达,,,,,一拖三数据线 1.2m,,,
2026年门店统采报价单.xlsx,标段2,164,标段2,日用品,166,勺子,否,9500201039,1036,,15.5*3.3cm，304不锈钢,把,供应商发湖南丰沃达,,,,,15.5*3.3cm，304不锈钢,,,
2026年门店统采报价单.xlsx,标段2,165,标段2,日用品,167,大号封口袋（100个/包）-新,否,9500201119,2817,,34*24cm,包,供应商发湖南丰沃达,,,,,34*24cm,,,
2026年门店统采报价单.xlsx,标段2,166,标段2,日用品,168,小号封口袋（100个/包）,否,9500201067,4316,,10*7cm,包,供应商发湖南丰沃达,,,,,10*7cm,,,
2026年门店统采报价单.xlsx,标段2,167,标段2,日用品,169,中号封口袋（100个/包）,否,9500201069,9779,,20*14cm,包,供应商发湖南丰沃达,,,,,20*14cm,,,
2026年门店统采报价单.xlsx,标段2,168,标段2,日用品,170,冰箱保鲜盒（大号）,否,9500201070,959,,30*20*9cm,个,供应商发湖南丰沃达,,,,,30*20*9cm,,,
2026年门店统采报价单.xlsx,标段2,169,标段2,日用品,171,大号垃圾袋（新）,否,9500201120,6899,,80*100cm（50个/包），单个22g,包,供应商发湖南丰沃达,,,,,80*100cm（50个/包），单个22g,,,
2026年门店统采报价单.xlsx,标段2,170,标段2,日用品,172,挂钩（新）,否,9500201121,9492,,强力无痕透明，承重大于20KG,卡,供应商发湖南丰沃达,,,,,强力无痕透明，承重大于20KG,,,
2026年门店统采报价单.xlsx,标段2,171,标段2,日用品,173,一次性塑料水杯（包）,是,9500201116,31982,,180-200ml，单包,包,供应商发湖南丰沃达,,,,,180-200ml，单包,,,
2026年门店统采报价单.xlsx,标段2,172,标段2,日用品,174,一次性塑料水杯（件）,否,9500201117,26554,,180-200ml，每件,件,供应商发湖南丰沃达,,,,,180-200ml，每件,,,
2026年门店统采报价单.xlsx,标段2,173,标段2,日用品,175,橡皮筋（把说明书和药品捆绑）,#N/A,9500201125,21585,,橡胶圈，耐高温,袋,供应商发湖南丰沃达,,,,,橡胶圈，耐高温,,,
2026年门店统采报价单.xlsx,标段2,174,标段2,日用品,176,购物篮,否,9500201126,1977,,30CM*20.5CM*15CM,个,供应商发湖南丰沃达,,,,,30CM*20.5CM*15CM,,,
2026年门店统采报价单.xlsx,标段2,175,标段2,日用品,177,慢病自测盒,否,9500201131,223,,24*17*12,个,供应商发湖南丰沃达,,,,,24*17*12,,,
2026年门店统采报价单.xlsx,标段2,176,标段2,日用品,178,经典老药购物篮,否,9500201132,16019,,26.5*18*8cm（低于8cm）/白色,个,供应商发湖南丰沃达,,,,,26.5*18*8cm（低于8cm）/白色,,,
2026年门店统采报价单.xlsx,标段2,177,标段2,日用品,179,抹布,否,9500201138,7939,,"超细纤维,强吸水",块,供应商发湖南丰沃达,,,,,"超细纤维,强吸水",,,
2026年门店统采报价单.xlsx,标段2,178,标段2,日用品,180,喇叭,是,9500201133,839,,手持扩音器,个,供应商发湖南丰沃达,,,,,手持扩音器,,,
2026年门店统采报价单.xlsx,标段2,179,标段2,日用品,181,慢病桌面小垃圾桶,是,9500201134,559,,10.5cm*12cm*高15cm,个,供应商发湖南丰沃达,,,,,10.5cm*12cm*高15cm,,,
2026年门店统采报价单.xlsx,标段2,180,标段2,日用品,182,慢病桌面小垃圾袋,是,834567,3000,,配套慢病桌面小垃圾桶,卷,供应商发湖南丰沃达,,,,,配套慢病桌面小垃圾桶,,,
2026年门店统采报价单.xlsx,标段2,181,标段2,日用品,183,慢病平板支架,否,9500201139,49,,石黑、碳素钢材质,个,供应商发湖南丰沃达,,,,,石黑、碳素钢材质,,,
2026年门店统采报价单.xlsx,标段2,182,标段2,日用品,184,慢病磁吸贴片,否,9500201135,1167,,"A4,银色",个,供应商发湖南丰沃达,,,,,"A4,银色",,,
2026年门店统采报价单.xlsx,标段2,183,标段2,日用品,185,扎带,否,9500201136,9906,,白色4*200mm，500根,袋,供应商发湖南丰沃达,,,,,白色4*200mm，500根,,,
2026年门店统采报价单.xlsx,标段2,184,标段2,日用品,186,9号封口袋（100个/包）,否,9500201137,675,,28*20cm,包,供应商发湖南丰沃达,,,,,28*20cm,,,
2026年门店统采报价单.xlsx,标段2,185,标段2,日用品,187,放大镜,否,9500301151,337,,直径70mm，放大3倍,把,供应商发湖南丰沃达,,,,,直径70mm，放大3倍,,,
2026年门店统采报价单.xlsx,标段2,186,标段2,日用品,188,不锈钢拖把夹,否,9500201142,867,,不锈钢，1夹+1钩,把,供应商发湖南丰沃达,,,,,不锈钢，1夹+1钩,,,
2026年门店统采报价单.xlsx,标段2,187,标段2,日用品,189,吸水海绵拖把,是,9500201140,3118,,33CM；配2个海绵头,把,供应商发湖南丰沃达,,,,,33CM；配2个海绵头,,,
2026年门店统采报价单.xlsx,标段2,188,标段2,日用品,190,海绵头,是,9500201141,514,,配套套换装；33CM,个,供应商发湖南丰沃达,,,,,配套套换装；33CM,,,
2026年门店统采报价单.xlsx,标段2,189,标段2,日用品,191,5号电池（碱性）,否,9500301119,39304,南孚,"5号,对装",对,供应商发湖南丰沃达,,,,南孚,"5号,对装",,,
2026年门店统采报价单.xlsx,标段2,190,标段2,日用品,192,7号电池（碱性）,否,9500301120,22413,南孚,"7号,对装",对,供应商发湖南丰沃达,,,,南孚,"7号,对装",,,
2026年门店统采报价单.xlsx,标段2,191,标段2,日用品,193,5号电池（碳性）,否,9500301161,19793,,"5号,单粒",粒,供应商发湖南丰沃达,,,,,"5号,单粒",,,
2026年门店统采报价单.xlsx,标段2,192,标段2,日用品,194,7号电池（碳性）,否,9500301162,14241,,"7号,单粒",粒,供应商发湖南丰沃达,,,,,"7号,单粒",,,
2026年门店统采报价单.xlsx,标段2,193,标段2,日用品,195,棉线拖把（圆）,是,934567,1000,,木杆铁圆头，30cm宽,个,供应商发湖南丰沃达,,,,,木杆铁圆头，30cm宽,,,
2026年门店统采报价单.xlsx,标段2,194,标段2,日用品,196,塑料凳,是,145678,500,,高47.5CM，防滑加厚,把,供应商发湖南丰沃达,,,,,高47.5CM，防滑加厚,,,
2026年门店统采报价单.xlsx,标段2,195,标段2,日用品,197,小心地滑指示牌,否,245678,1000,,双面，A字牌,个,供应商发湖南丰沃达,,,,,双面，A字牌,,,
2026年门店统采报价单.xlsx,标段2,196,标段2,日用品,198,扫把,否,345678,1000,,不锈钢杆，30CM宽,把,供应商发湖南丰沃达,,,,,不锈钢杆，30CM宽,,,
2026年门店统采报价单.xlsx,标段2,197,标段2,日用品,199,簸箕,否,445678,1000,,不锈钢杆，可折叠梳齿款,个,供应商发湖南丰沃达,,,,,不锈钢杆，可折叠梳齿款,,,
2026年门店统采报价单.xlsx,标段2,198,标段2,日用品,200,扫把（簸箕）组套,否,545678,1000,,不锈钢杆，可折叠组合套装,组,供应商发湖南丰沃达,,,,,不锈钢杆，可折叠组合套装,,,
2026年门店统采报价单.xlsx,标段2,199,标段2,日用品,201,水桶,否,645678,500,,PP，加厚手提，19L,个,供应商发湖南丰沃达,,,,,PP，加厚手提，19L,,,
2026年门店统采报价单.xlsx,标段2,200,标段2,日用品,202,办公垃圾篓,是,745678,1000,,PP材质，圆形镂空，大号带压圈,个,供应商发湖南丰沃达,,,,,PP材质，圆形镂空，大号带压圈,,,
2026年门店统采报价单.xlsx,标段2,201,标段2,日用品,203,马桶刷,否,845678,1000,,长柄+底座,个,供应商发湖南丰沃达,,,,,长柄+底座,,,
2026年门店统采报价单.xlsx,标段2,202,标段2,日用品,204,折叠桌,是,256789,500,,70*70*72CM,张,供应商发湖南丰沃达,,,,,70*70*72CM,,,
2026年门店统采报价单.xlsx,标段2,203,标段2,工牌定制,205,伸缩扣,是,356789,10620,,LOGO定制款,个,供应商发战区总部,,,,,LOGO定制款,,,
2026年门店统采报价单.xlsx,标段2,204,标段2,工牌定制,206,工牌外壳,是,456789,4680,,,个,供应商发战区总部,,,,,,,,
2026年门店统采报价单.xlsx,标段2,205,合计（元）,,,,,,,,,,,,,,,,,,
2026年门店统采报价单.xlsx,标段3,1,报价单,,,,,,,,,,,,,,,,,,
2026年门店统采报价单.xlsx,标段3,2,项目名称：2026全年度 老百姓大药房全国门店办公纸类&办公用品&硒鼓&低值易耗&日用品&小电器产品采购项目,,,,,,,,,,,,,,,,,,
2026年门店统采报价单.xlsx,标段3,3,"说明：请填写报价单标黄部分,标段3预算124万元",,,,,,,,,,,,,,,,,,
2026年门店统采报价单.xlsx,标段3,4,报价单位（章）：,,,,,,,,,,,,,,,,,,
2026年门店统采报价单.xlsx,标段3,5,报价时间：,,,,,,,,,,,,,,,,,,
2026年门店统采报价单.xlsx,标段3,6,备注：本报价为含税价，税率为 %，开具增值税 （填写专用或者普通）发票。,,,,,,,,,,,,,,,,,,
2026年门店统采报价单.xlsx,标段3,7,标段,品类,序号,商品名称,是否送样,商品编码,年度采购量,厂家/品牌,规格,单位,配送方式,备注,单价,小计,报价厂家/品牌,报价规格,投标方备注,,
2026年门店统采报价单.xlsx,标段3,8,标段3,办公用品,207,硒鼓388A,是,9500301123,27592,,C388AT,个,供应商发湖南丰沃达,,,,,C388AT,,,
2026年门店统采报价单.xlsx,标段3,9,标段3,办公用品,208,硒鼓2612A,是,9500301124,6364,,Q2612AT,个,供应商发湖南丰沃达,,,,,Q2612AT,,,
2026年门店统采报价单.xlsx,标段3,10,标段3,办公用品,209,碳粉（2612A）,否,9500301125,8483,,黑色；100g/瓶,瓶,供应商发湖南丰沃达,,,,,黑色；100g/瓶,,,
2026年门店统采报价单.xlsx,标段3,11,标段3,办公用品,210,碳粉（388A）,否,9500301126,21097,,黑色；70g/瓶,瓶,供应商发湖南丰沃达,,,,,黑色；70g/瓶,,,
2026年门店统采报价单.xlsx,标段3,12,标段3,办公用品,211,硒鼓-奔图206,是,9500301152,451,,适用奔图206,个,供应商发湖南丰沃达,,,,,适用奔图206,,,
2026年门店统采报价单.xlsx,标段3,13,标段3,办公用品,212,硒鼓-hp1660a,是,9500301153,2863,,适用hp1660a W1660A易加粉,个,供应商发湖南丰沃达,,,,,适用hp1660a W1660A易加粉,,,
2026年门店统采报价单.xlsx,标段3,14,标段3,办公用品,213,碳粉-奔图201,否,9500301154,778,,黑色；65g/瓶,瓶,供应商发湖南丰沃达,,,,,黑色；65g/瓶,,,
2026年门店统采报价单.xlsx,标段3,15,标段3,办公用品,214,碳粉-三星101,否,9500301155,1960,,黑色；70g/瓶,瓶,供应商发湖南丰沃达,,,,,黑色；70g/瓶,,,
2026年门店统采报价单.xlsx,标段3,16,标段3,办公用品,215,硒鼓-HP228,否,978901,50,天威,天威,个,供应商发集团总部,,,,天威,天威,,,
2026年门店统采报价单.xlsx,标段3,17,标段3,办公用品,216,硒鼓-HP 1007,否,189012,20,,1600张,个,供应商发集团总部,,,,,1600张,,,
2026年门店统采报价单.xlsx,标段3,18,标段3,办公用品,217,硒鼓-HP 254,否,289012,20,,蓝色、黄色、粉色、黑色,个,供应商发集团总部,,,,,蓝色、黄色、粉色、黑色,,,
2026年门店统采报价单.xlsx,标段3,19,标段3,办公用品,218,兄弟3170CDW 粉盒-BT-TN221/281/285,否,389012,15,,蓝色、黄色、粉色、黑色,个,供应商发集团总部,,,,,蓝色、黄色、粉色、黑色,,,
2026年门店统采报价单.xlsx,标段3,20,标段3,办公用品,219,打印机惠普M1216nfh 硒鼓-BT-CC388E,否,489012,10,,,个,供应商发集团总部,,,,,,,,
2026年门店统采报价单.xlsx,标段3,21,标段3,办公用品,220,打印机奔图M7300FDN 黑白激光多功能一体机 硒鼓-NT-CP400C,否,589012,10,,3000张,个,供应商发集团总部,,,,,3000张,,,
2026年门店统采报价单.xlsx,标段3,22,标段3,办公用品,221,硒鼓-东芝2508,否,689012,10,,东芝原装 40000张,个,供应商发集团总部,,,,,东芝原装 40000张,,,
2026年门店统采报价单.xlsx,标段3,23,标段3,办公用品,222,联想多功能打印一体机M8650DN 粉盒-标拓LT401,否,789012,30,,,个,供应商发集团总部,,,,,,,,
2026年门店统采报价单.xlsx,标段3,24,标段3,办公用品,223,联想多功能打印一体机M8650DN 硒鼓LT401,否,889012,10,,,个,供应商发集团总部,,,,,,,,
2026年门店统采报价单.xlsx,标段3,25,标段3,办公用品,224,硒鼓-奔图DL411,否,989012,20,,12000张,个,供应商发集团总部,,,,,12000张,,,
2026年门店统采报价单.xlsx,标段3,26,标段3,办公用品,225,奔图 P3320D 墨盒 TO-400,否,190123,20,,天威,个,供应商发集团总部,,,,,天威,,,
2026年门店统采报价单.xlsx,标段3,27,标段3,办公用品,226,墨盒DO-400,否,290123,10,,标拓 带芯片 可打印12K,个,供应商发集团总部,,,,,标拓 带芯片 可打印12K,,,
2026年门店统采报价单.xlsx,标段3,28,标段3,办公用品,227,墨盒-CF228A,否,390123,30,,,个,供应商发集团总部,,,,,,,,
2026年门店统采报价单.xlsx,标段3,29,标段3,办公用品,228,硒鼓2612A,是,490123,80,,天威,个,供应商发集团总部,,,,,天威,,,
2026年门店统采报价单.xlsx,标段3,30,标段3,办公用品,229,打印机型号理光M340W 硒鼓架-BT-M340D,否,590123,10,,,个,供应商发集团总部,,,,,,,,
2026年门店统采报价单.xlsx,标段3,31,标段3,办公用品,230,打印机型号理光M340W 粉盒-BT-M340T,否,690123,10,,,个,供应商发集团总部,,,,,,,,
2026年门店统采报价单.xlsx,标段3,32,标段3,办公用品,231,佳能 C3530 NF-NPG67AFBK,否,790123,15,,2500张,个,供应商发集团总部,,,,,2500张,,,
2026年门店统采报价单.xlsx,标段3,33,标段3,办公用品,232,佳能MP288 佳能816彩色大墨盒,否,890123,5,,,个,供应商发集团总部,,,,,,,,
2026年门店统采报价单.xlsx,标段3,34,标段3,办公用品,233,Color LaserJet Pro MFP M1811W 墨盒,否,990123,10,,,个,供应商发集团总部,,,,,,,,
2026年门店统采报价单.xlsx,标段3,35,合计（元）,,,,,,,,,,,,,,,,,,
报价单 2026年4月老百姓集团采购流水式粉碎机48台.xlsx,送货地址,1,序号,打粉机主配门店,打粉机主配数量（台）,配送地址,,,,,,,,,,,,,,,
报价单 2026年4月老百姓集团采购流水式粉碎机48台.xlsx,送货地址,2,1,怀仁公司张家界杏林堂店,1,湖南省张家界市永定区古庸路人民医院对面老百姓大药房,,,,,,,,,,,,,,,
报价单 2026年4月老百姓集团采购流水式粉碎机48台.xlsx,送货地址,3,2,怀仁公司龙山新建路店,1,湖南省湘西土家族苗族自治州龙山县民安街道新建路48-13号途窝皇庭酒店老百姓大药房(龙山汽车站店),,,,,,,,,,,,,,,
报价单 2026年4月老百姓集团采购流水式粉碎机48台.xlsx,送货地址,4,3,怀仁公司花垣西门口店,1,湖南省湘西自治州花垣县老百姓大药房西门口店（农贸市场对面）,,,,,,,,,,,,,,,
报价单 2026年4月老百姓集团采购流水式粉碎机48台.xlsx,送货地址,5,4,怀仁公司永顺崇胜店,1,湖南省湘西土家族苗族自治州永顺县灵溪镇府正街府正家园一区105、106门面老百姓大药房,,,,,,,,,,,,,,,
报价单 2026年4月老百姓集团采购流水式粉碎机48台.xlsx,送货地址,6,5,怀仁公司凤凰虹桥路店,1,湖南省湘西土家族苗族自治州凤凰县沱江镇虹桥西路田芳麻辣烫隔壁老百姓大药房,,,,,,,,,,,,,,,
报价单 2026年4月老百姓集团采购流水式粉碎机48台.xlsx,送货地址,7,6,怀仁公司保靖迁陵南路店,1,湖南省湘西土家族苗族自治州保靖县迁陵南路168号中国农业银行(保靖县支行)旁边老百姓大药房,,,,,,,,,,,,,,,
报价单 2026年4月老百姓集团采购流水式粉碎机48台.xlsx,送货地址,8,7,湖南公司邵阳宝庆春天中心医院店,1,湖南省邵阳市大祥区红旗路松坡图书馆对面老百姓大药房,,,,,,,,,,,,,,,
报价单 2026年4月老百姓集团采购流水式粉碎机48台.xlsx,送货地址,9,8,怀仁公司邵阳江南世家店,1,湖南省邵阳市大祥区江南世家东门老百姓大药房,,,,,,,,,,,,,,,
报价单 2026年4月老百姓集团采购流水式粉碎机48台.xlsx,送货地址,10,9,湖南公司邵阳得丰市场店,1,湖南省邵阳市双清区双坡南路星辰电竞旁老百姓大药房,,,,,,,,,,,,,,,
报价单 2026年4月老百姓集团采购流水式粉碎机48台.xlsx,送货地址,11,10,湖南公司邵阳县五峰铺大众超市店,1,湖南省邵阳市邵阳县五峰铺镇田心路老百姓大药房,,,,,,,,,,,,,,,
报价单 2026年4月老百姓集团采购流水式粉碎机48台.xlsx,送货地址,12,11,怀仁公司新邵江南路店,1,湖南省邵阳市新邵县酿溪镇大坪江南路江南雅苑老百姓大药房,,,,,,,,,,,,,,,
报价单 2026年4月老百姓集团采购流水式粉碎机48台.xlsx,送货地址,13,12,湖南公司邵东衡宝路分店,1,湖南省邵阳市邵东市大汉步行街老百姓大药房,,,,,,,,,,,,,,,
报价单 2026年4月老百姓集团采购流水式粉碎机48台.xlsx,送货地址,14,13,怀仁公司洞口大正街店,1,湖南省邵阳市洞口县好又多斜对面老百姓大药房,,,,,,,,,,,,,,,
报价单 2026年4月老百姓集团采购流水式粉碎机48台.xlsx,送货地址,15,14,怀仁公司新宁富丽城店,1,湖南省邵阳市新宁县宏锦嘉苑2楼家感新厨对面老百姓大药房,,,,,,,,,,,,,,,
报价单 2026年4月老百姓集团采购流水式粉碎机48台.xlsx,送货地址,16,15,怀仁公司新宁解放路店,1,湖南省邵阳市新宁县金石镇解放路36号老百姓大药房,,,,,,,,,,,,,,,
报价单 2026年4月老百姓集团采购流水式粉碎机48台.xlsx,送货地址,17,16,怀仁公司新宁观瀑店,1,湖南省邵阳市新宁县解放北路春风小区东南侧约130米老百姓大药房,,,,,,,,,,,,,,,
报价单 2026年4月老百姓集团采购流水式粉碎机48台.xlsx,送货地址,18,17,怀仁公司新宁水头店,1,"湖南省邵阳市新宁县金石镇扶夷村五组(扶夷诊所隔壁,水头平价超市马路对面往南20米)老百姓大药房",,,,,,,,,,,,,,,
报价单 2026年4月老百姓集团采购流水式粉碎机48台.xlsx,送货地址,19,18,怀仁公司紫东路店,1,湖南省怀化市鹤城区大汉龙城一期正大门怀仁大药房,,,,,,,,,,,,,,,
报价单 2026年4月老百姓集团采购流水式粉碎机48台.xlsx,送货地址,20,19,怀仁公司怀铁旗舰店,1,湖南省怀化市鹤城区怀北路402号怀仁大药房(怀铁旗舰店分店),,,,,,,,,,,,,,,
报价单 2026年4月老百姓集团采购流水式粉碎机48台.xlsx,送货地址,21,20,怀仁公司锦绣五溪店,1,湖南省怀化市鹤城区锦溪南路与天星东路交汇处1栋1栋434号怀仁大药房(锦绣五溪店),,,,,,,,,,,,,,,
报价单 2026年4月老百姓集团采购流水式粉碎机48台.xlsx,送货地址,22,21,怀仁公司教师新苑店,1,湖南省怀化市鹤城区教师新苑公交站教师新苑公交站怀仁大药房,,,,,,,,,,,,,,,
报价单 2026年4月老百姓集团采购流水式粉碎机48台.xlsx,送货地址,23,22,怀仁公司中心市场店,1,湖南省怀化市鹤城区人民南路128号怀化中心市场怀仁大药房,,,,,,,,,,,,,,,
报价单 2026年4月老百姓集团采购流水式粉碎机48台.xlsx,送货地址,24,23,怀仁公司通道中心店,1,湖南省怀化市通道县老药材公司老百姓大药房,,,,,,,,,,,,,,,
报价单 2026年4月老百姓集团采购流水式粉碎机48台.xlsx,送货地址,25,24,怀仁公司靖州梅林路店,1,湖南省怀化市靖州县梅林路财政局旁老百姓大药房,,,,,,,,,,,,,,,
报价单 2026年4月老百姓集团采购流水式粉碎机48台.xlsx,送货地址,26,25,怀仁公司安江天诚稻乡路店,1,湖南省怀化市洪江市汽车站斜对面老百姓大药房(稻乡路店),,,,,,,,,,,,,,,
报价单 2026年4月老百姓集团采购流水式粉碎机48台.xlsx,送货地址,27,26,怀仁公司会同李园路店,1,湖南省怀化市会同县林城镇名品广场老百姓大药房,,,,,,,,,,,,,,,
报价单 2026年4月老百姓集团采购流水式粉碎机48台.xlsx,送货地址,28,27,怀仁公司溆浦城中市场店,1,湖南省怀化市溆浦县城中市场老百姓大药房（火狐狸服装批发市场旁）,,,,,,,,,,,,,,,
报价单 2026年4月老百姓集团采购流水式粉碎机48台.xlsx,送货地址,29,28,怀仁公司辰溪东星店,1,湖南省怀化市辰溪县辰州北路191号天天按摩沐足(辰州北路店),,,,,,,,,,,,,,,
报价单 2026年4月老百姓集团采购流水式粉碎机48台.xlsx,送货地址,30,29,怀仁公司沅陵辰州中街店,1,湖南省怀化市沅陵县辰州中街老百姓大药房（老百货公司门面）,,,,,,,,,,,,,,,
报价单 2026年4月老百姓集团采购流水式粉碎机48台.xlsx,送货地址,31,30,怀仁公司溆浦店,1,湖南省怀化市溆浦县卢峰镇三角坪老百姓大药房,,,,,,,,,,,,,,,
报价单 2026年4月老百姓集团采购流水式粉碎机48台.xlsx,送货地址,32,31,湖北公司水果湖店,1,湖北省武汉市武昌区水果湖附近（老百姓大药房水果湖店）,,,,,,,,,,,,,,,
报价单 2026年4月老百姓集团采购流水式粉碎机48台.xlsx,送货地址,33,32,湖北公司武汉新安小区店,1,湖北省武汉市青山区冶金街道104街坊新安小区2栋1层 22-23号,,,,,,,,,,,,,,,
报价单 2026年4月老百姓集团采购流水式粉碎机48台.xlsx,送货地址,34,33,湖北公司武汉沌口金色港湾店,1,湖北省武汉市蔡甸区沌阳街道龙阳大道236号金色港湾法国街27-127-2号商铺,,,,,,,,,,,,,,,
报价单 2026年4月老百姓集团采购流水式粉碎机48台.xlsx,送货地址,35,34,湖南公司益阳沅江庆云山店,1,湖南省益阳市沅江庆云山老百姓大药房(检察院对面),,,,,,,,,,,,,,,
报价单 2026年4月老百姓集团采购流水式粉碎机48台.xlsx,送货地址,36,35,湖南公司益阳北站店,1,湖南省益阳市资阳区马良南路2号华信酒店对面老百姓大药房北站店,,,,,,,,,,,,,,,
报价单 2026年4月老百姓集团采购流水式粉碎机48台.xlsx,送货地址,37,36,湖南公司常德北站店,1,湖南省常德市武陵区朝阳路东晟文化公馆2号楼106老百姓大药房北站店,,,,,,,,,,,,,,,
报价单 2026年4月老百姓集团采购流水式粉碎机48台.xlsx,送货地址,38,37,湖南公司常德白马湖店,1,湖南省常德市武陵区龙港路金城苑老百姓大药房,,,,,,,,,,,,,,,
报价单 2026年4月老百姓集团采购流水式粉碎机48台.xlsx,送货地址,39,38,湖南公司株洲世贸广场店,1,湖南省株洲市荷塘区新华西路736号老百姓大药房世贸广场店,,,,,,,,,,,,,,,
报价单 2026年4月老百姓集团采购流水式粉碎机48台.xlsx,送货地址,40,39,湖南公司株洲杏林学林雅苑店,1,湖南省株洲市天元区珠江南路533号老百姓大药房学林雅苑店,,,,,,,,,,,,,,,
报价单 2026年4月老百姓集团采购流水式粉碎机48台.xlsx,送货地址,41,40,衡阳公司云集店,1,"湖南省衡阳市衡南县云集街道清园路(黎托农贸市场B栋)107,108室老百姓大药房(云集店)",,,,,,,,,,,,,,,
报价单 2026年4月老百姓集团采购流水式粉碎机48台.xlsx,送货地址,42,41,衡阳公司水岸新城店,1,湖南省衡阳市蒸湘区蒸水大道48号香江水岸新城六期30B103、104室老百姓大药房,,,,,,,,,,,,,,,
报价单 2026年4月老百姓集团采购流水式粉碎机48台.xlsx,送货地址,43,42,新千秋大药房金中店,1,江苏省常州市金坛区县府路2号金坛新天地B区（中医院急诊对面）,,,,,,,,,,,,,,,
报价单 2026年4月老百姓集团采购流水式粉碎机48台.xlsx,送货地址,44,43,常州万仁第三分公司,1,江苏省常州市横山桥镇江南路55号宏桥家俱一楼万仁大药房,,,,,,,,,,,,,,,
报价单 2026年4月老百姓集团采购流水式粉碎机48台.xlsx,送货地址,45,44,无锡三品堂荣巷店,1,江苏省无锡市滨湖区梁溪路868号老百姓大药房,,,,,,,,,,,,,,,
报价单 2026年4月老百姓集团采购流水式粉碎机48台.xlsx,送货地址,46,45,泰州市泰兴市泰兴店(芙蓉山庄),1,江苏省泰州市泰兴市济川中路39号与鼓楼东路交叉口北180米隆泰大药房（泰兴店）,,,,,,,,,,,,,,,
报价单 2026年4月老百姓集团采购流水式粉碎机48台.xlsx,送货地址,47,46,泰州市靖江市靖江店(老渔婆菜场西门),1,江苏省泰州市靖江市靖城镇渔婆北路85号隆泰大药房（靖江店）,,,,,,,,,,,,,,,
报价单 2026年4月老百姓集团采购流水式粉碎机48台.xlsx,送货地址,48,47,泰州市兴化市九顷店(苏源小区南门),1,江苏省泰州市兴化市板桥路与九顷路交叉口正南方向112米苏源南区,,,,,,,,,,,,,,,
报价单 2026年4月老百姓集团采购流水式粉碎机48台.xlsx,送货地址,49,48,扬州市邗江区兴城路店,1,江苏省扬州市邗江区兴城东路73号老百姓大药房兴城路店,,,,,,,,,,,,,,,
报价单 老百姓大药房2026-2028两年度 煎药机、切片机、打粉机采购项目.xlsx,老百姓大药房切片机、打粉机采购项目,1,报价单,,,,,,,,,,,,,,,,,,
报价单 老百姓大药房2026-2028两年度 煎药机、切片机、打粉机采购项目.xlsx,老百姓大药房切片机、打粉机采购项目,2,项目名称：老百姓大药房切片机、打粉机采购项目,,,,,,,,,,,,,,,,,,
报价单 老百姓大药房2026-2028两年度 煎药机、切片机、打粉机采购项目.xlsx,老百姓大药房切片机、打粉机采购项目,3,报价单位：,,,,,,,,,,,,,,,,,,
报价单 老百姓大药房2026-2028两年度 煎药机、切片机、打粉机采购项目.xlsx,老百姓大药房切片机、打粉机采购项目,4,报价时间：,,,,,,,,,,,,,,,,,,
报价单 老百姓大药房2026-2028两年度 煎药机、切片机、打粉机采购项目.xlsx,老百姓大药房切片机、打粉机采购项目,5,下单方式：门店按实际需要不定时下单,,,,,,,,,,,,,,,,,,
报价单 老百姓大药房2026-2028两年度 煎药机、切片机、打粉机采购项目.xlsx,老百姓大药房切片机、打粉机采购项目,6,付款方式：银行转账，甲方收到货确认无误后，乙方向甲方开具发票，甲方收到发票后30天内支付当批次货款。,,,,,,,,,,,,,,,,,,
报价单 老百姓大药房2026-2028两年度 煎药机、切片机、打粉机采购项目.xlsx,老百姓大药房切片机、打粉机采购项目,7,送货地点：甲方于订单上指定的收货区。,,,,,,,,,,,,,,,,,,
报价单 老百姓大药房2026-2028两年度 煎药机、切片机、打粉机采购项目.xlsx,老百姓大药房切片机、打粉机采购项目,8,序号,品类,要求参数,尺寸规格（mm/）,标品所含辅材配件,供应商参数（与要求参数有差异的请标红）,供应商产品型号,供应商尺寸规格（mm/）,供应商标品所含辅材配件,预估数量（台）,含税单价（元）,小计（元）,备注,,,,,,
报价单 老百姓大药房2026-2028两年度 煎药机、切片机、打粉机采购项目.xlsx,老百姓大药房切片机、打粉机采购项目,9,1,切片机1,功率370W、720片/分钟，切片厚度：0.3-3mm,340*230*310,刀片一套，保险，毛刷，更换刀片内六角,,,,,1,,,,,,,,,
报价单 老百姓大药房2026-2028两年度 煎药机、切片机、打粉机采购项目.xlsx,老百姓大药房切片机、打粉机采购项目,10,2,切片机2,功率300W、720片/分钟，切片厚度：0.3-3mm,330*180*290,刀片一套，保险，毛刷，更换刀片内六角,,,,,60,,,,,,,,,
报价单 老百姓大药房2026-2028两年度 煎药机、切片机、打粉机采购项目.xlsx,老百姓大药房切片机、打粉机采购项目,11,3,打粉机1,500g小缸磨；粉碎容量（500克）、电压（220V)、额定功率1300W、电机转数25000r/min、机器重量(8.2kg)、粉碎细度30-200目,230*230*360,刀片一套，毛刷一个，保险，碳刷一套,,,,,184,,,,,,,,,
报价单 老百姓大药房2026-2028两年度 煎药机、切片机、打粉机采购项目.xlsx,老百姓大药房切片机、打粉机采购项目,12,4,打粉机2,1000g小缸磨；粉碎容量（1000克）、电压（220V)、额定功率2300W、电机转数25000r/min、机器重量(11kg)、粉碎细度30-200目,250*250*390,刀片一套，毛刷一个，保险，碳刷一套,,,,,1,,,,,,,,,
报价单 老百姓大药房2026-2028两年度 煎药机、切片机、打粉机采购项目.xlsx,老百姓大药房切片机、打粉机采购项目,13,5,流水式打粉机1,流水式粉碎机；产量（25-60斤/h）、电压（220V)、额定功率3000 W、电机转数2800+ r/min、机器重量(50kg)、粉碎细度60-150目,556*305*497,筛网5片不同孔，毛刷一个，保险一个，限位开关一个，撬棒一个，布袋两个，夹子一个,,,,,1,,,,,,,,,
报价单 老百姓大药房2026-2028两年度 煎药机、切片机、打粉机采购项目.xlsx,老百姓大药房切片机、打粉机采购项目,14,6,流水式打粉机2,流水式粉碎机；产量（3-20kg/h）、电压（220V)、额定功率2500W、主轴转数2840 r/min、机器重量(26kg)、粉碎细度30-200 目,580*245*350,布袋、筛片、过载保护器、扳手、毛刷、夹子、有3C认证的16A的转接头1个,,,,,318,,,,,,,,,
报价单 老百姓大药房2026-2028两年度 煎药机、切片机、打粉机采购项目.xlsx,老百姓大药房切片机、打粉机采购项目,15,合计（元）,,,,,,,,,,,,,,,,,,
报价单 老百姓大药房2026-2028两年度 煎药机、切片机、打粉机采购项目.xlsx,老百姓大药房切片机、打粉机采购项目,16,以上报价含增值税专票（ ） %，含运费。,,,,,,,,,,,,,,,,,,
报价单 老百姓大药房2026-2028两年度 煎药机、切片机、打粉机采购项目.xlsx,老百姓大药房切片机、打粉机采购项目,17,质保时间及内容：,,,,,,,,,,,,,,,,,,
报价单 老百姓大药房2026-2028两年度 煎药机、切片机、打粉机采购项目.xlsx,老百姓大药房切片机、打粉机采购项目,19,保外维修配件报价表（如不全，可添加）,,,,,,,,,,,,,,,,,,
报价单 老百姓大药房2026-2028两年度 煎药机、切片机、打粉机采购项目.xlsx,老百姓大药房切片机、打粉机采购项目,20,序号,产品名称,配件名称,单位,单价（元）,备注,,,,,,,,,,,,,
报价单 老百姓大药房2026-2028两年度 煎药机、切片机、打粉机采购项目.xlsx,老百姓大药房切片机、打粉机采购项目,21,1,切片机,切刀片,个,,,,,,,,,,,,,,,
报价单 老百姓大药房2026-2028两年度 煎药机、切片机、打粉机采购项目.xlsx,老百姓大药房切片机、打粉机采购项目,22,2,,轴承,个,,,,,,,,,,,,,,,
报价单 老百姓大药房2026-2028两年度 煎药机、切片机、打粉机采购项目.xlsx,老百姓大药房切片机、打粉机采购项目,23,3,,皮带,条,,,,,,,,,,,,,,,
报价单 老百姓大药房2026-2028两年度 煎药机、切片机、打粉机采购项目.xlsx,老百姓大药房切片机、打粉机采购项目,24,4,,电路维修,次,,,,,,,,,,,,,,,
报价单 老百姓大药房2026-2028两年度 煎药机、切片机、打粉机采购项目.xlsx,老百姓大药房切片机、打粉机采购项目,25,5,打粉机,刀片,套,,,,,,,,,,,,,,,
报价单 老百姓大药房2026-2028两年度 煎药机、切片机、打粉机采购项目.xlsx,老百姓大药房切片机、打粉机采购项目,26,6,,碳刷,个,,,,,,,,,,,,,,,
报价单 老百姓大药房2026-2028两年度 煎药机、切片机、打粉机采购项目.xlsx,老百姓大药房切片机、打粉机采购项目,27,7,,轴承,个,,,,,,,,,,,,,,,
报价单 老百姓大药房2026-2028两年度 煎药机、切片机、打粉机采购项目.xlsx,老百姓大药房切片机、打粉机采购项目,28,8,,扳手,个,,,,,,,,,,,,,,,
报价单 老百姓大药房2026-2028两年度 煎药机、切片机、打粉机采购项目.xlsx,老百姓大药房切片机、打粉机采购项目,29,9,,电路维修,次,,,,,,,,,,,,,,,
报价单 老百姓大药房2026-2028两年度 煎药机、切片机、打粉机采购项目.xlsx,老百姓大药房切片机、打粉机采购项目,30,10,,开关,个,,,,,,,,,,,,,,,
报价单 老百姓大药房2026-2028两年度 煎药机、切片机、打粉机采购项目.xlsx,老百姓大药房切片机、打粉机采购项目,31,11,,电源接口,个,,,,,,,,,,,,,,,
报价单 老百姓大药房2026-2028两年度 煎药机、切片机、打粉机采购项目.xlsx,老百姓大药房切片机、打粉机采购项目,32,12,运费,"门店寄出设备的快递费由门店支付,寄回门店的快递费由厂家支付。",,,,,,,,,,,,,,,,
报价单 老百姓大药房2026-2028两年度 煎药机、切片机、打粉机采购项目.xlsx,老百姓大药房切片机、打粉机采购项目,33,备注：以上价格含增值税（ ）（填写专用或者普通）发票，含税（ ） %。,,,,,,,,,,,,,,,,,,
报价单 老百姓大药房2026-2028两年度 煎药机、切片机、打粉机采购项目.xlsx,老百姓大药房煎药机采购项目,1,报价单,,,,,,,,,,,,,,,,,,
报价单 老百姓大药房2026-2028两年度 煎药机、切片机、打粉机采购项目.xlsx,老百姓大药房煎药机采购项目,2,项目名称：老百姓大药房切片机、打粉机采购项目,,,,,,,,,,,,,,,,,,
报价单 老百姓大药房2026-2028两年度 煎药机、切片机、打粉机采购项目.xlsx,老百姓大药房煎药机采购项目,3,报价单位：,,,,,,,,,,,,,,,,,,
报价单 老百姓大药房2026-2028两年度 煎药机、切片机、打粉机采购项目.xlsx,老百姓大药房煎药机采购项目,4,报价时间：,,,,,,,,,,,,,,,,,,
报价单 老百姓大药房2026-2028两年度 煎药机、切片机、打粉机采购项目.xlsx,老百姓大药房煎药机采购项目,5,下单方式：门店按实际需要不定时下单,,,,,,,,,,,,,,,,,,
报价单 老百姓大药房2026-2028两年度 煎药机、切片机、打粉机采购项目.xlsx,老百姓大药房煎药机采购项目,6,付款方式：银行转账，甲方收到货确认无误后，乙方向甲方开具发票，甲方收到发票后30天内支付当批次货款。,,,,,,,,,,,,,,,,,,
报价单 老百姓大药房2026-2028两年度 煎药机、切片机、打粉机采购项目.xlsx,老百姓大药房煎药机采购项目,7,送货地点：甲方于订单上指定的收货区。,,,,,,,,,,,,,,,,,,
报价单 老百姓大药房2026-2028两年度 煎药机、切片机、打粉机采购项目.xlsx,老百姓大药房煎药机采购项目,8,序号,品类,单位,要求参数,尺寸规格（mm/）,标品所含辅材配件,供应商参数（与要求参数有差异的请标红）,供应商产品型号,尺寸规格（mm）,标品所含辅材配件,预估数量（台）,含税单价（元）,小计（元）,备注,,,,,
报价单 老百姓大药房2026-2028两年度 煎药机、切片机、打粉机采购项目.xlsx,老百姓大药房煎药机采购项目,9,1,煎药机1,台,"额定电压 220V,总功率 2700W,整机 重量75KG,煎药锅有效容量20L,上 下辊温设定范围100-199℃,包装数 量设定范围0~250循环,包装能力 5~8/分钟,袋装容量50~250m1.",650*550 *1250,机头扳手、内六角 扳手、剪刀、药布 袋、压药器、排水 管、试机卷,,,,,5,,0,,,,,,
报价单 老百姓大药房2026-2028两年度 煎药机、切片机、打粉机采购项目.xlsx,老百姓大药房煎药机采购项目,10,2,煎药机2,台,"额定电压 220V.总功率4450W,整机 重量120KG,煎药锅有效容量20L*2 上下辊温设定范围 100-199℃,包装 数量设定范围0~250循环,包装能 力5~8/分钟,袋装容量 50~250ml",1100*50 0*1200,机头扳手、内六角 扳手、剪刀、药布 袋、压药器、排水 管、试机卷,,,,,1,,0,,,,,,
报价单 老百姓大药房2026-2028两年度 煎药机、切片机、打粉机采购项目.xlsx,老百姓大药房煎药机采购项目,11,3,煎药机3,台,"额定电压 220V,总功率 6250W,整机 重量120KG,煎药锅有效容量20L*3 上下辊温设定范围100-199℃,包装 数量设定范围0~250循环,包装能 力5~8/分钟,袋装容量 50~250ml",1300*50 0*1250,机头扳手、内六角 扳手、剪刀、药布 袋、压药器、排水 管、试机卷,,,,,1,,0,,,,,,
报价单 老百姓大药房2026-2028两年度 煎药机、切片机、打粉机采购项目.xlsx,老百姓大药房煎药机采购项目,12,合计（元）,,,,,,,,,,,,,,,,,,
报价单 老百姓大药房2026-2028两年度 煎药机、切片机、打粉机采购项目.xlsx,老百姓大药房煎药机采购项目,15,序号,品类,单位,参考参数,最低订量,含税单价（元）,小计（元）,备注,,,,,,,,,,,
报价单 老百姓大药房2026-2028两年度 煎药机、切片机、打粉机采购项目.xlsx,老百姓大药房煎药机采购项目,16,1,中药液包装膜,组,7公斤/组,2,,,,,,,,,,,,,,
报价单 老百姓大药房2026-2028两年度 煎药机、切片机、打粉机采购项目.xlsx,老百姓大药房煎药机采购项目,17,2,中药液包装膜,组,8.5公斤/组,2,,,,,,,,,,,,,,
报价单 老百姓大药房2026-2028两年度 煎药机、切片机、打粉机采购项目.xlsx,老百姓大药房煎药机采购项目,18,3,无纺布袋,个,8*10CM,2500,,,,,,,,,,,,,,
报价单 老百姓大药房2026-2028两年度 煎药机、切片机、打粉机采购项目.xlsx,老百姓大药房煎药机采购项目,19,4,无纺布袋,个,15*20CM,2500,,,,,,,,,,,,,,
报价单 老百姓大药房2026-2028两年度 煎药机、切片机、打粉机采购项目.xlsx,老百姓大药房煎药机采购项目,20,5,无纺布袋,个,30*40CM,300,,,,,,,,,,,,,,
报价单 老百姓大药房2026-2028两年度 煎药机、切片机、打粉机采购项目.xlsx,老百姓大药房煎药机采购项目,21,6,无纺布袋,个,45*50CM,200,,,,,,,,,,,,,,
报价单 老百姓大药房2026-2028两年度 煎药机、切片机、打粉机采购项目.xlsx,老百姓大药房煎药机采购项目,22,7,无纺布袋,个,10*15CM,2500,,,,,,,,,,,,,,
报价单 老百姓大药房2026-2028两年度 煎药机、切片机、打粉机采购项目.xlsx,老百姓大药房煎药机采购项目,23,8,无纺布袋,个,20*30CM,300,,,,,,,,,,,,,,
报价单 老百姓大药房2026-2028两年度 煎药机、切片机、打粉机采购项目.xlsx,老百姓大药房煎药机采购项目,24,9,无纺布袋,个,50*60CM,200,,,,,,,,,,,,,,
报价单 老百姓大药房2026-2028两年度 煎药机、切片机、打粉机采购项目.xlsx,老百姓大药房煎药机采购项目,26,保外维修配件报价表（如不全，可添加）,,,,,,,,,,,,,,,,,,
报价单 老百姓大药房2026-2028两年度 煎药机、切片机、打粉机采购项目.xlsx,老百姓大药房煎药机采购项目,27,序号,产品名称,配件名称,单位,单价（元）,备注,,,,,,,,,,,,,
报价单 老百姓大药房2026-2028两年度 煎药机、切片机、打粉机采购项目.xlsx,老百姓大药房煎药机采购项目,28,1,,注入电磁阀,个,,,,,,,,,,,,,,,
报价单 老百姓大药房2026-2028两年度 煎药机、切片机、打粉机采购项目.xlsx,老百姓大药房煎药机采购项目,29,2,,加热管,个,,,,,,,,,,,,,,,
报价单 老百姓大药房2026-2028两年度 煎药机、切片机、打粉机采购项目.xlsx,老百姓大药房煎药机采购项目,30,3,,切刀,个,,,,,,,,,,,,,,,
报价单 老百姓大药房2026-2028两年度 煎药机、切片机、打粉机采购项目.xlsx,老百姓大药房煎药机采购项目,31,4,,整机管路,套,,,,,,,,,,,,,,,
报价单 老百姓大药房2026-2028两年度 煎药机、切片机、打粉机采购项目.xlsx,老百姓大药房煎药机采购项目,32,5,,玻璃桶,个,,,,,,,,,,,,,,,
报价单 老百姓大药房2026-2028两年度 煎药机、切片机、打粉机采购项目.xlsx,老百姓大药房煎药机采购项目,33,6,,加热盘,个,,,,,,,,,,,,,,,
报价单 老百姓大药房2026-2028两年度 煎药机、切片机、打粉机采购项目.xlsx,老百姓大药房煎药机采购项目,34,7,,电机,个,,,,,,,,,,,,,,,
报价单 老百姓大药房2026-2028两年度 煎药机、切片机、打粉机采购项目.xlsx,老百姓大药房煎药机采购项目,35,8,,加热板(上下两块板),套,,,,,,,,,,,,,,,
报价单 老百姓大药房2026-2028两年度 煎药机、切片机、打粉机采购项目.xlsx,老百姓大药房煎药机采购项目,36,9,,包装板(上下两块板),套,,,,,,,,,,,,,,,
报价单 老百姓大药房2026-2028两年度 煎药机、切片机、打粉机采购项目.xlsx,老百姓大药房煎药机采购项目,37,10,,调整机头，清洗管路,次,,,,,,,,,,,,,,,
报价单 老百姓大药房2026-2028两年度 煎药机、切片机、打粉机采购项目.xlsx,老百姓大药房煎药机采购项目,38,11,运费,"门店寄出设备的快递费由门店支付,寄回门店的快递费由厂家支付。",,,,,,,,,,,,,,,,
老百姓总部商务车维保报价单.xlsx,Sheet1,1,,老百姓商务车维保报价单,,,,,,,,,,,,,,,,,
老百姓总部商务车维保报价单.xlsx,Sheet1,2,,报价单位：,,,,,,,,,,,,,,,,,
老百姓总部商务车维保报价单.xlsx,Sheet1,3,,报价单位地址：,,,,,,,,,,,,,,,,,
老百姓总部商务车维保报价单.xlsx,Sheet1,4,,报价单位简介：（业务量、维修车辆等）,,,,,,,,,,,,,,,,,
老百姓总部商务车维保报价单.xlsx,Sheet1,5,,报价时间：,,,,,,,,,,,,,,,,,
老百姓总部商务车维保报价单.xlsx,Sheet1,6,,老百姓总部地址为开福区青竹湖路808号。,,,,,,,,,,,,,,,,,
老百姓总部商务车维保报价单.xlsx,Sheet1,7,,序号,保养类型,项目,品牌,单位,单价（元）,,,,,,,,,,,,
老百姓总部商务车维保报价单.xlsx,Sheet1,8,,,,,,,别克GL8,丰田阿尔法,考斯特,,,,,,,,,,
老百姓总部商务车维保报价单.xlsx,Sheet1,9,,1,常规保养,机油,需求量,L,,,,,,,,,,,,,
老百姓总部商务车维保报价单.xlsx,Sheet1,10,,2,,,金美孚1号 0W-40,L,,,,,,,,,,,,,
老百姓总部商务车维保报价单.xlsx,Sheet1,11,,3,,机油滤清器,原厂配件,个,,,,,,,,,,,,,
老百姓总部商务车维保报价单.xlsx,Sheet1,12,,4,,空气滤芯,原厂配件,个,,,,,,,,,,,,,
老百姓总部商务车维保报价单.xlsx,Sheet1,13,,5,,空调滤芯,原厂配件,个,,,,,,,,,,,,,
老百姓总部商务车维保报价单.xlsx,Sheet1,14,,6,,发动机清洗剂,,L,,,,,,,,,,,,,
老百姓总部商务车维保报价单.xlsx,Sheet1,15,,7,,发动机保护剂,,L,,,,,,,,,,,,,
老百姓总部商务车维保报价单.xlsx,Sheet1,16,,8,,工时费,常规保养项所需工时费,元,,,,,,,,,,,,,
老百姓总部商务车维保报价单.xlsx,Sheet1,17,,9,大保养,变速油箱,需求量,L,,,,,,,,,,,,,
老百姓总部商务车维保报价单.xlsx,Sheet1,18,,10,,,原厂配件,L,,,,,,,,,,,,,
老百姓总部商务车维保报价单.xlsx,Sheet1,19,,11,,火花塞,需求量,支,,,,,,,,,,,,,
老百姓总部商务车维保报价单.xlsx,Sheet1,20,,12,,,原厂配件,支,,,,,,,,,,,,,
老百姓总部商务车维保报价单.xlsx,Sheet1,21,,13,,刹车油,原厂配件,L,,,,,,,,,,,,,
老百姓总部商务车维保报价单.xlsx,Sheet1,22,,14,,防冻液,原厂配件,L,,,,,,,,,,,,,
老百姓总部商务车维保报价单.xlsx,Sheet1,23,,15,,工时费,常规保养和大保养两大项所需工时费,元,,,,,,,,,,,,,
老百姓总部商务车维保报价单.xlsx,Sheet1,24,,16,配件,发电机皮带,原厂配件,条,,,,,,,,,,,,,
老百姓总部商务车维保报价单.xlsx,Sheet1,25,,17,（含工时费）,水箱,原厂配件,个,,,,,,,,,,,,,
老百姓总部商务车维保报价单.xlsx,Sheet1,26,,18,,尾灯总成,原厂配件,套,,,,,,,,,,,,,
老百姓总部商务车维保报价单.xlsx,Sheet1,27,,19,,下悬臂,原厂配件,套,,,,,,,,,,,,,
老百姓总部商务车维保报价单.xlsx,Sheet1,28,,20,,氧传感器,原厂配件,套,,,,,,,,,,,,,
老百姓总部商务车维保报价单.xlsx,Sheet1,29,,21,,电瓶,原厂配件,个,,,,,,,,,,,,,
老百姓总部商务车维保报价单.xlsx,Sheet1,30,,22,,刹车片,原厂配件,付,,,,,,,,,,,,,
老百姓总部商务车维保报价单.xlsx,Sheet1,31,,23,,减震器,原厂配件,支,,,,,,,,,,,,,
老百姓总部商务车维保报价单.xlsx,Sheet1,32,,24,,轮胎,品牌,,马牌,固特异,普利司通,,,,,,,,,,
老百姓总部商务车维保报价单.xlsx,Sheet1,33,,25,,,原厂配件,个,,,,,,,,,,,,,
老百姓总部商务车维保报价单.xlsx,Sheet1,34,,备注：以上报价为含税价，开具增值税 （填写专用或者普通）发票，税率为 %。,,,,,,,,,,,,,,,,,
老百姓总部商务车维保报价单2025.11.25.xlsx,01常规保养报价单,2,,老百姓商务车维保报价单,,,,,,,,,,,,,,,,,
老百姓总部商务车维保报价单2025.11.25.xlsx,01常规保养报价单,3,,报价单位：,,,,,,,,,,,,,,,,,
老百姓总部商务车维保报价单2025.11.25.xlsx,01常规保养报价单,4,,报价单位地址：,,,,,,,,,,,,,,,,,
老百姓总部商务车维保报价单2025.11.25.xlsx,01常规保养报价单,5,,报价单位简介：（维保人员数量、月度维保车辆大致数量、占地面积、擅长维修的车辆品牌、型号等）,,,,,,,,,,,,,,,,,
老百姓总部商务车维保报价单2025.11.25.xlsx,01常规保养报价单,6,,报价时间：,,,,,,,,,,,,,,,,,
老百姓总部商务车维保报价单2025.11.25.xlsx,01常规保养报价单,7,,注意：两张报价单均需要报价，系统上传的总价为本张报价单合计金额。请注意填写所有标黄部分。报价单无需盖章，直接上传表格即可，以系统上传价格为准。,,,,,,,,,,,,,,,,,
老百姓总部商务车维保报价单2025.11.25.xlsx,01常规保养报价单,8,,老百姓总部位于开福区青竹湖路808号，商务车的数量为3台别克，1台阿尔法，2台考斯特。大巴车的数量为5台比亚迪，2台金龙。,,,,,,,,,,,,,,,,,
老百姓总部商务车维保报价单2025.11.25.xlsx,01常规保养报价单,9,,车辆信息：,,,,,,,,,,,,,,,,,
老百姓总部商务车维保报价单2025.11.25.xlsx,01常规保养报价单,10,,序号,品牌型号,车辆识别代号,注册日期,序号,品牌型号,车辆识别代号,注册日期,,,,,,,,,,
老百姓总部商务车维保报价单2025.11.25.xlsx,01常规保养报价单,11,,1,别克牌SGM6522UBA6,LSGUL83L9LA266276,2021-03-10 00:00:00,5,钧天牌JF5060XSW53LE,LFMEA5813PS002690,2023-08-28 00:00:00,,,,,,,,,,
老百姓总部商务车维保报价单2025.11.25.xlsx,01常规保养报价单,12,,2,别克牌SGM6522UAA1,LSGUL83L0HA120002,2017-09-01 00:00:00,6,柯斯达牌SCT6704GRB53LE,LFME55815DS003730,2014-03-06 00:00:00,,,,,,,,,,
老百姓总部商务车维保报价单2025.11.25.xlsx,01常规保养报价单,13,,3,别克牌SGM6531UAAF,LSGUA8278HE019227,2017-06-23 00:00:00,7,比亚迪牌BY06110HLEV2,/,2019/11/27(5台车一样）,,,,,,,,,,
老百姓总部商务车维保报价单2025.11.25.xlsx,01常规保养报价单,14,,4,埃尔法3456CC小客车JTEG,JTEGS21H3E8093318,2014-12-30 00:00:00,8,金龙牌XMQ6129HYD4D,/,2014-3-6(2台车一样）,,,,,,,,,,
老百姓总部商务车维保报价单2025.11.25.xlsx,01常规保养报价单,15,,序号,保养类型,项目,品牌,单位,别克GL8（LSGUL83L9LA266276）,别克GL8（LSGUL83L0HA120002）,别克GL8（LSGUA8278HE019227）,丰田阿尔法,考斯特（需求量小，2025年未保养）,,,,,,,,
老百姓总部商务车维保报价单2025.11.25.xlsx,01常规保养报价单,16,,1,常规保养,机油,需求量,L,25,20,10,6,6,,,,,,,,
老百姓总部商务车维保报价单2025.11.25.xlsx,01常规保养报价单,17,,2,,,品牌,/,嘉实多级护专享SN 0W-20 1L GM 原装,发动机油 银美孚1号（5W-30）1L,金美孚1号0W-40 1L,金美孚1号0W-40 1L,,,,,,,,,
老百姓总部商务车维保报价单2025.11.25.xlsx,01常规保养报价单,18,,3,,,单价,元/L,,,,,,,,,,,,,
老百姓总部商务车维保报价单2025.11.25.xlsx,01常规保养报价单,19,,4,,,小计（元）,,0,0,0,0,0,,,,,,,,
老百姓总部商务车维保报价单2025.11.25.xlsx,01常规保养报价单,20,,5,,机油滤清器,需求量,个,5,5,2,1,1,,,,,,,,
老百姓总部商务车维保报价单2025.11.25.xlsx,01常规保养报价单,21,,6,,,原厂配件,元/个,,,,,,,,,,,,,
老百姓总部商务车维保报价单2025.11.25.xlsx,01常规保养报价单,22,,7,,,小计（元）,,0,0,0,0,0,,,,,,,,
老百姓总部商务车维保报价单2025.11.25.xlsx,01常规保养报价单,23,,8,,空气滤芯,需求量,个,2,2,2,1,1,,,,,,,,
老百姓总部商务车维保报价单2025.11.25.xlsx,01常规保养报价单,24,,9,,,原厂配件,元/个,,,,,,,,,,,,,
老百姓总部商务车维保报价单2025.11.25.xlsx,01常规保养报价单,25,,10,,,小计（元）,,0,0,0,0,0,,,,,,,,
老百姓总部商务车维保报价单2025.11.25.xlsx,01常规保养报价单,26,,11,,空调滤芯,需求量,个,2,2,2,1,1,,,,,,,,
老百姓总部商务车维保报价单2025.11.25.xlsx,01常规保养报价单,27,,12,,,原厂配件,元/个,,,,,,,,,,,,,
老百姓总部商务车维保报价单2025.11.25.xlsx,01常规保养报价单,28,,13,,,小计（元）,,0,0,0,0,0,,,,,,,,
老百姓总部商务车维保报价单2025.11.25.xlsx,01常规保养报价单,29,,14,,发动机清洗剂,需求量,瓶,5,5,1,1,1,,,,,,,,
老百姓总部商务车维保报价单2025.11.25.xlsx,01常规保养报价单,30,,15,,,（请报价单位填写品牌、型号、规格）,元/瓶,,,,,,,,,,,,,
老百姓总部商务车维保报价单2025.11.25.xlsx,01常规保养报价单,31,,16,,,小计（元）,,0,0,0,0,0,,,,,,,,
老百姓总部商务车维保报价单2025.11.25.xlsx,01常规保养报价单,32,,17,,发动机保护剂,（请报价单位填写品牌、型号、规格）,瓶,5,5,1,1,1,,,,,,,,
老百姓总部商务车维保报价单2025.11.25.xlsx,01常规保养报价单,33,,18,,,,元/瓶,,,,,,,,,,,,,
老百姓总部商务车维保报价单2025.11.25.xlsx,01常规保养报价单,34,,19,,,小计（元）,,0,0,0,0,0,,,,,,,,
老百姓总部商务车维保报价单2025.11.25.xlsx,01常规保养报价单,35,,20,,工时费,常规保养项所需工时费,元,,,,,,,,,,,,,
老百姓总部商务车维保报价单2025.11.25.xlsx,01常规保养报价单,36,,商务车年度常规保养合计金额（元）,,,,,,,,,,,,,,,,,
老百姓总部商务车维保报价单2025.11.25.xlsx,01常规保养报价单,37,,备注：以上报价为含税价，开具增值税 （填写专用或者普通）发票，税率为 %。,,,,,,,,,,,,,,,,,
附件五 2026 收银设备统采标准.xlsx,2024年供应商联系清单,1,序号,设备,品牌,公司名称,渠道资质,联系人姓名,联系人电话,联系人角色,中标年度,备注说明,,,,,,,,,
附件五 2026 收银设备统采标准.xlsx,2024年供应商联系清单,2,1,电脑,联想,联想电脑厂商,厂商,王良秀,18911778700,湖南大区大客户经理,"2020,2021,2022,2023,2024",,关于2024年集团电脑及收银设备统采标准说明,,,,,,,,
附件五 2026 收银设备统采标准.xlsx,2024年供应商联系清单,3,2,电脑,联想,湖南融信和科技有限公司,经销商,贺丽芳,13739074551,省级总代经销商,"2020,2021,2022,2023,2024",,,,,,,,,,
附件五 2026 收银设备统采标准.xlsx,2024年供应商联系清单,4,3,电脑,惠普,惠普电脑厂商,厂商,吕龙伟,18670083374,湖南大区大客户经理,"2022,2023,2024",2022年引入,,,,,,,,,
附件五 2026 收银设备统采标准.xlsx,2024年供应商联系清单,5,4,电脑,惠普,武汉永盛昌源商贸有限公司,经销商,耿强,18627786628,省级总代经销商,"2022,2023,2024",,,,,,,,,,
附件五 2026 收银设备统采标准.xlsx,2024年供应商联系清单,6,5,电脑,华为,华为电脑厂商,厂商,胡显波,18373365850,湖南终端大客户经理,2024,,,,,,,,,,
附件五 2026 收银设备统采标准.xlsx,2024年供应商联系清单,7,6,电脑,华为,湖南团信科技有限公司,经销商,杨帆,17873524429,省级总代经销商,2024,2024年引入,,,,,,,,,
附件五 2026 收银设备统采标准.xlsx,2024年供应商联系清单,8,8,收银设备,集采,湖南标拓电子科技有限公司,经销商,罗卫,18573165059,大客户经理,"2020,2021,2022,2023,2024",,,,,,,,,,
附件五 2026 收银设备统采标准.xlsx,2024年供应商联系清单,9,10,,,,,,,,,,,,,,,,,,
附件五 2026 收银设备统采标准.xlsx,2024年供应商联系清单,10,11,,,,,,,,,,,,,,,,,,
附件五 2026 收银设备统采标准.xlsx,2024年供应商联系清单,11,12,,,,,,,,,,,,,,,,,,
附件五 2026 收银设备统采标准.xlsx,2024年供应商联系清单,12,13,,,,,,,,,,,,,,,,,,
附件五 2026 收银设备统采标准.xlsx,X. 电脑统采标准-X,1,LBX电脑设备统采标准,,,,,,,,,,,,,,,电脑及收银设备统采标准-2023,,,一体化收银机
附件五 2026 收银设备统采标准.xlsx,X. 电脑统采标准-X,2,统采设备,,,,统采配置-2023,,,统采配置-2024,,,,,2024年预估价：元（含税）,,,2023年参考价：元（含税）,,,
附件五 2026 收银设备统采标准.xlsx,X. 电脑统采标准-X,3,品类,序号,设备名称,适用场景,配置参数要求,总量,参考价,配置参数要求,预估量,参考价,对比2023年变化说明,品牌/型号,联想,惠普,华为 （新增品牌),联想,惠普,,
附件五 2026 收银设备统采标准.xlsx,X. 电脑统采标准-X,4,台式机,1,标配型台式机,1. 门店收银和办公。 2. 总部有固定办公机位需求的场景,CPU：Intel 酷睿i3-12100 3.3GHz 4C 内存：8G DDR4 单条 硬盘：512G SSD 鼠键：黑/白 接口： 集显+VGA+HDMI（必配） 1并/2串/2PS/2网口：（必配） 10USB：（必配） 音频：集声+Aduio（必配） 电源：≥300W，大功率电源（必配） 机箱：≤18L ，黑/白 操作系统：win10 64位 硬盘分区：CD区 保修：6年上门质保,3000,3300,CPU：Intel 酷睿i3-12100 3.3GHz 4C 内存：16G DDR4 单条 硬盘：512G SSD 鼠键：黑/白 接口： 集显+VGA+HDMI（必配） 1并/2串/2PS/2网口： 10USB：（必配） 音频：集声+Aduio（必配） 电源：≥300W，大功率电源（必配） 机箱：10~18L ，黑/白 操作系统：win10 64位 硬盘分区：CD区 保修：5年上门质保,3000,3300,"主要变化： 1. 内存由8G统一到16G。（应对收银和办公通用） 2. 接口1并/2串/2PS/2网，由必配改为：仅门店必配,总部无需配置。（战区电脑用不上不选择可节约双网口成本） 3. 由原来6档型号台式机，调整到1档型号。原门店收银、办公、普通岗统一到""标配型台式机""i3 16G。原大数据、开发、设计岗转到2档笔记本型号。特殊型号需求单独申请采购。",1. 联想： 启天M455 2. 惠普: 288 Pro G9 3. 华为： 擎云B730 4. 海石： 一体化收银机HK560,3150,3200,3200,3300,3270,,
附件五 2026 收银设备统采标准.xlsx,X. 电脑统采标准-X,5,显示器,2.1,标配型显示器,1. 门店收银和办公台式机标配显示器。,屏幕尺寸：19.5寸 分辨率：1600*900 接口：VGA+HDMI 保修期：3年上门质保 颜色：黑色 其他：商用型，低蓝光，莱茵认证，支持双屏安装，底座不影响收银摆放。,2000,520,屏幕尺寸：21.5寸 分辨率： 1920*1080 接口：VGA+HDMI 保修期：3年上门质保 颜色：黑色 其他：商用型，低蓝光，莱茵认证，支持双屏安装，底座不影响收银摆放。,3000,600,主要变化： 1、19.5寸1600*900升级换到21.5寸 1920*1080 （市场主流生产21寸屏）,1.联想： thinkvision TE22 2.惠普: HP P22vG5 3.华为： B3-211H,600,690,550,520,520,,
附件五 2026 收银设备统采标准.xlsx,X. 电脑统采标准-X,6,,2.2,大号型显示器,1. 总部办公台式机标配显示器。 2. 小型会议、洽谈室桌面屏。 3. 中高层管理办公室或工位桌面屏 4. 其它有必需双屏展示沟通的场景。,屏幕尺寸：23.8 寸 分辨率： 1920*1080 接口：VGA+HDMI 保修期：3年上门质保 颜色：黑色 其他：商用显示器，低蓝光，莱茵认证，3年质保,200,750,屏幕尺寸：23.8 寸 分辨率： 1920*1080 接口：VGA+HDMI 保修期：3年上门质保 颜色：黑色 其他：商用显示器，低蓝光，莱茵认证，3年质保,200,750,主要变化：无,1. 联想： thinkvision T24A 2. 惠普: HP P24v G5 3. 华为： B3-241H,750,750,650,750,750,,
附件五 2026 收银设备统采标准.xlsx,X. 电脑统采标准-X,7,笔记本,3.1,标配型笔记本,1. 总部办公通用笔记本。,"CPU：Intel 酷睿 i5 1235U 1.3G 10C 内存：16G DDR4 硬盘：512G SSD 屏幕：14寸 1920*1080 电池：45Wh，1年上门质保。 配件：包、鼠标 颜色：黑/银/灰 操作系统：win11 64位 保修：3年上门质保, 80万小时MTBF",700,4500,"CPU：Intel 酷睿i5-1340P 1.9G 12C 内存：16G DDR4 硬盘：512G SSD 屏幕：14寸 1920*1080 电池：50Wh，3年上门质保。 配件：包、鼠标 颜色：黑/银/灰 操作系统：win11 64位 保修：3年上门质保, 80万小时MTBF",700,4500,"主要变化： 1、CPU：i5 1235U升级至i5-1340P或以上。 （市场配件更新换代） 2、电池保修1年改为3年.（统一到整机3年保修） 3. 原普通、普通大数据岗调整到""标配型笔记本“ i5",1.联想： 昭阳X5-14 2.惠普： ProBook 440 G10 3.华为： 擎云G540 Gen2,4500,4400,4450,4500,4450,,
附件五 2026 收银设备统采标准.xlsx,X. 电脑统采标准-X,8,,3.2,高配型笔记本,1. 运产研测的技术处理岗位 2.*需大量数据和图形处理场景 3. 高管办公用笔记本。,"CPU：Intel 酷睿 i7-1255U 1.7G 10C 内存：16G DDR4 硬盘：512G SSD 屏幕：14寸 1920*1080 电池：45Wh，1年上门质保。 配件：包、鼠标 颜色：黑/银/灰 操作系统：win11 64位 保修：3年上门质保, 80万小时MTBF",300,5200,"CPU：Intel 酷睿i7-1360P 2.2G 12C 内存：16G DDR4 硬盘：512G SSD 屏幕：14寸 1920*1080 电池：50Wh，3年上门质保。 配件：包、鼠标 颜色：黑/银/灰 操作系统：win11 64位 保修：3年上门质保, 80万小时MTBF",300,5200,"主要变化： 1、CPU：i7-1255U 升级至 i7-1360P或以上（市场配件更新换代） 2、电池保修1年改为3年.（统一到整机3年保修） 3. 原专职大数据及高层岗调整到""高配型笔记本“ i7 。特殊型号需求单独申请采购。",1.联想： 昭阳X5-14 2.惠普： ProBook 440 G10 3.华为： 擎云G540 Gen2,5200,5200,5200,5250,5200,,
附件五 2026 收银设备统采标准.xlsx,X. 电脑统采标准-X,9,说明：,,,1、统采配置参数以满足工作需要为前提，商用型为基础，一线品牌，中档价格、可靠品质，市场主流配置，同档次竞争，兼顾售后服务网点覆盖，易维修更换。 2、集团年采购量在50台及以上设备，纳入统采固定型号标准，应标配置可等于或高于标准参数。 3、电脑设备统采清单以外设备，部门特殊需求，需求部门发起OA【资产采购申请单】，可由行政与统采供应商处沟通购买 *需大量数据和图形处理场景，指每天需要对单页数据量在20万行以上表格数据文件进行运算处理的岗位工作，或每天需要处理CAD或图片编辑的岗位工作。,,,,,,,,,,,,,,,
附件五 2026 收银设备统采标准.xlsx,X. 电脑统采标准-X,10,,,,,,,,,,合计：,15800000,,,,,,,,
附件五 2026 收银设备统采标准.xlsx,X. 电脑统采标准-X,11,服务要求：,,,大客户服务要求： 1. 全国6年7*24小时小门服务，半小时响应，次日上门修复。 2. 客户服务日及机房巡检，定期客户维护IT设备，总部服务日季度1次。 3. 客户特别紧急将付需求，升级关怀交付。 4. 备件优先，备件及换机优先处理 5. 关键事件免费升级 6. 意外损坏一次免费更换处理 7. 耗材赠送，一定量的鼠标垫，键鼠。 8. 一站式安装，定制部署服务,,,,,,,,,,,,,,,
