adcode,name,label,spell,longitude,latitude,level,province_code,province,official_market,occurrences,path,paths
100000,全国,全国,,116.3683244,39.915085,province,10,,False,1,$.data.cityData.hotCitys[0],$.data.cityData.hotCitys[0]
110000,北京,北京市,BeiJingShi,116.407387,39.904179,province,11,北京,False,2,$.data.cityData.hotCitys[1],$.data.cityData.hotCitys[1] | $.data.cityData.provinces.110000
120000,天津,天津市,TianJinShi,117.201509,39.085318,province,12,天津,True,2,$.data.cityData.hotCitys[2],$.data.cityData.hotCitys[2] | $.data.cityData.provinces.120000
130000,河北,河北省,HeBeiSheng,114.530399,38.037707,province,13,,False,1,$.data.cityData.provinces.130000,$.data.cityData.provinces.130000
130100,石家庄,石家庄市,ShiJiaZhuangShi,114.514976,38.042007,prefecture,13,,False,1,$.data.cityData.provinces.130000.cities[0],$.data.cityData.provinces.130000.cities[0]
130200,唐山,唐山市,TangShanShi,118.180149,39.63068,prefecture,13,,False,1,$.data.cityData.provinces.130000.cities[1],$.data.cityData.provinces.130000.cities[1]
130300,秦皇岛,秦皇岛市,QinHuangDaoShi,119.52022,39.888243,prefecture,13,,False,1,$.data.cityData.provinces.130000.cities[2],$.data.cityData.provinces.130000.cities[2]
130400,邯郸,邯郸市,HanDanShi,114.53915,36.625849,prefecture,13,,False,1,$.data.cityData.provinces.130000.cities[3],$.data.cityData.provinces.130000.cities[3]
130500,邢台,邢台市,XingTaiShi,114.49742,37.060227,prefecture,13,,False,1,$.data.cityData.provinces.130000.cities[4],$.data.cityData.provinces.130000.cities[4]
130600,保定,保定市,BaoDingShi,115.464523,38.874476,prefecture,13,,False,1,$.data.cityData.provinces.130000.cities[5],$.data.cityData.provinces.130000.cities[5]
130700,张家口,张家口市,ZhangJiaKouShi,114.885895,40.768931,prefecture,13,,False,1,$.data.cityData.provinces.130000.cities[6],$.data.cityData.provinces.130000.cities[6]
130800,承德,承德市,ChengDeShi,117.962749,40.952942,prefecture,13,,False,1,$.data.cityData.provinces.130000.cities[7],$.data.cityData.provinces.130000.cities[7]
130900,沧州,沧州市,CangZhouShi,116.838715,38.304676,prefecture,13,,False,1,$.data.cityData.provinces.130000.cities[8],$.data.cityData.provinces.130000.cities[8]
131000,廊坊,廊坊市,LangFangShi,116.683546,39.538304,prefecture,13,,False,1,$.data.cityData.provinces.130000.cities[9],$.data.cityData.provinces.130000.cities[9]
131100,衡水,衡水市,HengShuiShi,115.668987,37.739367,prefecture,13,,False,1,$.data.cityData.provinces.130000.cities[10],$.data.cityData.provinces.130000.cities[10]
140000,山西,山西省,ShanXiSheng,112.578781,37.813948,province,14,山西,True,1,$.data.cityData.provinces.140000,$.data.cityData.provinces.140000
140100,太原,太原市,TaiYuanShi,112.549656,37.870451,prefecture,14,山西,True,1,$.data.cityData.provinces.140000.cities[0],$.data.cityData.provinces.140000.cities[0]
140200,大同,大同市,DaTongShi,113.366749,40.09711,prefecture,14,山西,True,1,$.data.cityData.provinces.140000.cities[1],$.data.cityData.provinces.140000.cities[1]
140300,阳泉,阳泉市,YangQuanShi,113.580426,37.857094,prefecture,14,山西,True,1,$.data.cityData.provinces.140000.cities[2],$.data.cityData.provinces.140000.cities[2]
140400,长治,长治市,ChangZhiShi,113.117394,36.195142,prefecture,14,山西,True,1,$.data.cityData.provinces.140000.cities[3],$.data.cityData.provinces.140000.cities[3]
140500,晋城,晋城市,JinChengShi,112.852022,35.491315,prefecture,14,山西,True,1,$.data.cityData.provinces.140000.cities[4],$.data.cityData.provinces.140000.cities[4]
140600,朔州,朔州市,ShuoZhouShi,112.432906,39.331734,prefecture,14,山西,True,1,$.data.cityData.provinces.140000.cities[5],$.data.cityData.provinces.140000.cities[5]
140700,晋中,晋中市,JinZhongShi,112.752633,37.688006,prefecture,14,山西,True,1,$.data.cityData.provinces.140000.cities[6],$.data.cityData.provinces.140000.cities[6]
140800,运城,运城市,YunChengShi,111.007051,35.02667,prefecture,14,山西,True,1,$.data.cityData.provinces.140000.cities[7],$.data.cityData.provinces.140000.cities[7]
140900,忻州,忻州市,XinZhouShi,112.734149,38.415958,prefecture,14,山西,True,1,$.data.cityData.provinces.140000.cities[8],$.data.cityData.provinces.140000.cities[8]
141000,临汾,临汾市,LinFenShi,111.51931,36.088581,prefecture,14,山西,True,1,$.data.cityData.provinces.140000.cities[9],$.data.cityData.provinces.140000.cities[9]
141100,吕梁,吕梁市,LvLiangShi,111.14454,37.518996,prefecture,14,山西,True,1,$.data.cityData.provinces.140000.cities[10],$.data.cityData.provinces.140000.cities[10]
150000,内蒙古,内蒙古自治区,NeiMengGuZiZhiQu,111.765226,40.818233,province,15,内蒙古,True,1,$.data.cityData.provinces.150000,$.data.cityData.provinces.150000
150100,呼和浩特,呼和浩特市,HuHeHaoTeShi,111.748814,40.842127,prefecture,15,内蒙古,True,1,$.data.cityData.provinces.150000.cities[0],$.data.cityData.provinces.150000.cities[0]
150200,包头,包头市,BaoTouShi,109.95315,40.621327,prefecture,15,内蒙古,True,1,$.data.cityData.provinces.150000.cities[1],$.data.cityData.provinces.150000.cities[1]
150300,乌海,乌海市,WuHaiShi,106.79415,39.655048,prefecture,15,内蒙古,True,1,$.data.cityData.provinces.150000.cities[2],$.data.cityData.provinces.150000.cities[2]
150400,赤峰,赤峰市,ChiFengShi,118.887613,42.256876,prefecture,15,内蒙古,True,1,$.data.cityData.provinces.150000.cities[3],$.data.cityData.provinces.150000.cities[3]
150500,通辽,通辽市,TongLiaoShi,122.243309,43.653566,prefecture,15,内蒙古,True,1,$.data.cityData.provinces.150000.cities[4],$.data.cityData.provinces.150000.cities[4]
150600,鄂尔多斯,鄂尔多斯市,EErDuoSiShi,109.782473,39.608744,prefecture,15,内蒙古,True,1,$.data.cityData.provinces.150000.cities[5],$.data.cityData.provinces.150000.cities[5]
150700,呼伦贝尔,呼伦贝尔市,HuLunBeiErShi,119.77845,49.166536,prefecture,15,内蒙古,True,1,$.data.cityData.provinces.150000.cities[6],$.data.cityData.provinces.150000.cities[6]
150800,巴彦淖尔,巴彦淖尔市,BaYanNaoErShi,107.387767,40.742987,prefecture,15,内蒙古,True,1,$.data.cityData.provinces.150000.cities[7],$.data.cityData.provinces.150000.cities[7]
150900,乌兰察布,乌兰察布市,WuLanChaBuShi,113.132227,40.994526,prefecture,15,内蒙古,True,1,$.data.cityData.provinces.150000.cities[8],$.data.cityData.provinces.150000.cities[8]
152200,兴安盟,兴安盟,XingAnMeng,122.037796,46.082373,prefecture,15,内蒙古,True,1,$.data.cityData.provinces.150000.cities[9],$.data.cityData.provinces.150000.cities[9]
152500,锡林郭勒盟,锡林郭勒盟,XiLinGuoLeMeng,116.047387,43.933212,prefecture,15,内蒙古,True,1,$.data.cityData.provinces.150000.cities[10],$.data.cityData.provinces.150000.cities[10]
152900,阿拉善盟,阿拉善盟,ALaShanMeng,105.729135,38.851554,prefecture,15,内蒙古,True,1,$.data.cityData.provinces.150000.cities[11],$.data.cityData.provinces.150000.cities[11]
210000,辽宁,辽宁省,LiaoNingSheng,123.435093,41.836743,province,21,,False,1,$.data.cityData.provinces.210000,$.data.cityData.provinces.210000
210100,沈阳,沈阳市,ShenYangShi,123.464675,41.677576,prefecture,21,,False,2,$.data.cityData.hotCitys[3],$.data.cityData.hotCitys[3] | $.data.cityData.provinces.210000.cities[0]
210200,大连,大连市,DaLianShi,121.614786,38.913962,prefecture,21,,False,2,$.data.cityData.hotCitys[4],$.data.cityData.hotCitys[4] | $.data.cityData.provinces.210000.cities[1]
210300,鞍山,鞍山市,AnShanShi,122.994183,41.108239,prefecture,21,,False,1,$.data.cityData.provinces.210000.cities[2],$.data.cityData.provinces.210000.cities[2]
210400,抚顺,抚顺市,FuShunShi,123.957053,41.881311,prefecture,21,,False,1,$.data.cityData.provinces.210000.cities[3],$.data.cityData.provinces.210000.cities[3]
210500,本溪,本溪市,BenXiShi,123.684984,41.486834,prefecture,21,,False,1,$.data.cityData.provinces.210000.cities[4],$.data.cityData.provinces.210000.cities[4]
210600,丹东,丹东市,DanDongShi,124.354419,40.000646,prefecture,21,,False,1,$.data.cityData.provinces.210000.cities[5],$.data.cityData.provinces.210000.cities[5]
210700,锦州,锦州市,JinZhouShi,121.126859,41.096114,prefecture,21,,False,1,$.data.cityData.provinces.210000.cities[6],$.data.cityData.provinces.210000.cities[6]
210800,营口,营口市,YingKouShi,122.219148,40.625027,prefecture,21,,False,1,$.data.cityData.provinces.210000.cities[7],$.data.cityData.provinces.210000.cities[7]
210900,阜新,阜新市,FuXinShi,121.670052,42.022028,prefecture,21,,False,1,$.data.cityData.provinces.210000.cities[8],$.data.cityData.provinces.210000.cities[8]
211000,辽阳,辽阳市,LiaoYangShi,123.239669,41.267396,prefecture,21,,False,1,$.data.cityData.provinces.210000.cities[9],$.data.cityData.provinces.210000.cities[9]
211100,盘锦,盘锦市,PanJinShi,122.170729,40.71956,prefecture,21,,False,1,$.data.cityData.provinces.210000.cities[10],$.data.cityData.provinces.210000.cities[10]
211200,铁岭,铁岭市,TieLingShi,123.726008,42.223709,prefecture,21,,False,1,$.data.cityData.provinces.210000.cities[11],$.data.cityData.provinces.210000.cities[11]
211300,朝阳,朝阳市,ChaoYangShi,120.488801,41.601855,prefecture,21,,False,1,$.data.cityData.provinces.210000.cities[12],$.data.cityData.provinces.210000.cities[12]
211400,葫芦岛,葫芦岛市,HuLuDaoShi,120.836783,40.710974,prefecture,21,,False,1,$.data.cityData.provinces.210000.cities[13],$.data.cityData.provinces.210000.cities[13]
220000,吉林,吉林省,JiLinSheng,125.325802,43.896942,province,22,,False,1,$.data.cityData.provinces.220000,$.data.cityData.provinces.220000
220100,长春,长春市,ChangChunShi,125.323643,43.816996,prefecture,22,,False,1,$.data.cityData.provinces.220000.cities[0],$.data.cityData.provinces.220000.cities[0]
220200,吉林,吉林市,JiLinShi,126.549719,43.838132,prefecture,22,,False,1,$.data.cityData.provinces.220000.cities[1],$.data.cityData.provinces.220000.cities[1]
220300,四平,四平市,SiPingShi,124.350599,43.166764,prefecture,22,,False,1,$.data.cityData.provinces.220000.cities[2],$.data.cityData.provinces.220000.cities[2]
220400,辽源,辽源市,LiaoYuanShi,125.144676,42.887961,prefecture,22,,False,1,$.data.cityData.provinces.220000.cities[3],$.data.cityData.provinces.220000.cities[3]
220500,通化,通化市,TongHuaShi,125.939721,41.728312,prefecture,22,,False,1,$.data.cityData.provinces.220000.cities[4],$.data.cityData.provinces.220000.cities[4]
220600,白山,白山市,BaiShanShi,126.414274,41.944132,prefecture,22,,False,1,$.data.cityData.provinces.220000.cities[5],$.data.cityData.provinces.220000.cities[5]
220700,松原,松原市,SongYuanShi,124.825321,45.14191,prefecture,22,,False,1,$.data.cityData.provinces.220000.cities[6],$.data.cityData.provinces.220000.cities[6]
220800,白城,白城市,BaiChengShi,122.838102,45.620131,prefecture,22,,False,1,$.data.cityData.provinces.220000.cities[7],$.data.cityData.provinces.220000.cities[7]
222400,延边朝鲜族自治州,延边朝鲜族自治州,YanBian ChaoXianZu ZiZhiZhou,129.470605,42.909426,prefecture,22,,False,1,$.data.cityData.provinces.220000.cities[8],$.data.cityData.provinces.220000.cities[8]
230000,黑龙江,黑龙江省,HeiLongJiangSheng,126.661998,45.742253,province,23,,False,1,$.data.cityData.provinces.230000,$.data.cityData.provinces.230000
230100,哈尔滨,哈尔滨市,HaErBinShi,126.53505,45.802981,prefecture,23,,False,1,$.data.cityData.provinces.230000.cities[0],$.data.cityData.provinces.230000.cities[0]
230200,齐齐哈尔,齐齐哈尔市,QiQiHaErShi,123.918193,47.354892,prefecture,23,,False,1,$.data.cityData.provinces.230000.cities[1],$.data.cityData.provinces.230000.cities[1]
230300,鸡西,鸡西市,JiXiShi,130.969385,45.295087,prefecture,23,,False,1,$.data.cityData.provinces.230000.cities[2],$.data.cityData.provinces.230000.cities[2]
230400,鹤岗,鹤岗市,HeGangShi,130.297687,47.350659,prefecture,23,,False,1,$.data.cityData.provinces.230000.cities[3],$.data.cityData.provinces.230000.cities[3]
230500,双鸭山,双鸭山市,ShuangYaShanShi,131.141563,46.676157,prefecture,23,,False,1,$.data.cityData.provinces.230000.cities[4],$.data.cityData.provinces.230000.cities[4]
230600,大庆,大庆市,DaQingShi,125.104078,46.589498,prefecture,23,,False,1,$.data.cityData.provinces.230000.cities[5],$.data.cityData.provinces.230000.cities[5]
230700,伊春,伊春市,YiChunShi,128.840863,47.728332,prefecture,23,,False,1,$.data.cityData.provinces.230000.cities[6],$.data.cityData.provinces.230000.cities[6]
230800,佳木斯,佳木斯市,JiaMuSiShi,130.318916,46.800002,prefecture,23,,False,1,$.data.cityData.provinces.230000.cities[7],$.data.cityData.provinces.230000.cities[7]
230900,七台河,七台河市,QiTaiHeShi,131.003015,45.771178,prefecture,23,,False,1,$.data.cityData.provinces.230000.cities[8],$.data.cityData.provinces.230000.cities[8]
231000,牡丹江,牡丹江市,MuDanJiangShi,129.632928,44.551486,prefecture,23,,False,1,$.data.cityData.provinces.230000.cities[9],$.data.cityData.provinces.230000.cities[9]
231100,黑河,黑河市,HeiHeShi,127.528226,50.244887,prefecture,23,,False,1,$.data.cityData.provinces.230000.cities[10],$.data.cityData.provinces.230000.cities[10]
231200,绥化,绥化市,SuiHuaShi,126.968714,46.654147,prefecture,23,,False,1,$.data.cityData.provinces.230000.cities[11],$.data.cityData.provinces.230000.cities[11]
232700,大兴安岭,大兴安岭地区,DaXingAnLingDiQu,124.11786,50.41129,prefecture,23,,False,1,$.data.cityData.provinces.230000.cities[12],$.data.cityData.provinces.230000.cities[12]
310000,上海,上海市,ShangHaiShi,121.473667,31.230525,province,31,上海,True,2,$.data.cityData.hotCitys[5],$.data.cityData.hotCitys[5] | $.data.cityData.provinces.310000
320000,江苏,江苏省,JiangSuSheng,118.763563,32.061377,province,32,江苏,True,1,$.data.cityData.provinces.320000,$.data.cityData.provinces.320000
320100,南京,南京市,NanJingShi,118.796624,32.059344,prefecture,32,江苏,True,2,$.data.cityData.hotCitys[6],$.data.cityData.hotCitys[6] | $.data.cityData.provinces.320000.cities[0]
320200,无锡,无锡市,WuXiShi,120.311889,31.491064,prefecture,32,江苏,True,1,$.data.cityData.provinces.320000.cities[1],$.data.cityData.provinces.320000.cities[1]
320300,徐州,徐州市,XuZhouShi,117.283752,34.204224,prefecture,32,江苏,True,1,$.data.cityData.provinces.320000.cities[2],$.data.cityData.provinces.320000.cities[2]
320400,常州,常州市,ChangZhouShi,119.974092,31.811313,prefecture,32,江苏,True,1,$.data.cityData.provinces.320000.cities[3],$.data.cityData.provinces.320000.cities[3]
320500,苏州,苏州市,SuZhouShi,120.585294,31.299758,prefecture,32,江苏,True,2,$.data.cityData.hotCitys[7],$.data.cityData.hotCitys[7] | $.data.cityData.provinces.320000.cities[4]
320600,南通,南通市,NanTongShi,120.894522,31.981269,prefecture,32,江苏,True,1,$.data.cityData.provinces.320000.cities[5],$.data.cityData.provinces.320000.cities[5]
320700,连云港,连云港市,LianYunGangShi,119.221487,34.596639,prefecture,32,江苏,True,1,$.data.cityData.provinces.320000.cities[6],$.data.cityData.provinces.320000.cities[6]
320800,淮安,淮安市,HuaiAnShi,119.113166,33.551495,prefecture,32,江苏,True,1,$.data.cityData.provinces.320000.cities[7],$.data.cityData.provinces.320000.cities[7]
320900,盐城,盐城市,YanChengShi,120.16263,33.348176,prefecture,32,江苏,True,1,$.data.cityData.provinces.320000.cities[8],$.data.cityData.provinces.320000.cities[8]
321000,扬州,扬州市,YangZhouShi,119.412834,32.394404,prefecture,32,江苏,True,1,$.data.cityData.provinces.320000.cities[9],$.data.cityData.provinces.320000.cities[9]
321100,镇江,镇江市,ZhenJiangShi,119.424441,32.188141,prefecture,32,江苏,True,1,$.data.cityData.provinces.320000.cities[10],$.data.cityData.provinces.320000.cities[10]
321200,泰州,泰州市,TaiZhouShi,119.922883,32.456692,prefecture,32,江苏,True,1,$.data.cityData.provinces.320000.cities[11],$.data.cityData.provinces.320000.cities[11]
321300,宿迁,宿迁市,SuQianShi,118.275228,33.963186,prefecture,32,江苏,True,1,$.data.cityData.provinces.320000.cities[12],$.data.cityData.provinces.320000.cities[12]
330000,浙江,浙江省,ZheJiangSheng,120.152575,30.266619,province,33,浙江,True,1,$.data.cityData.provinces.330000,$.data.cityData.provinces.330000
330100,杭州,杭州市,HangZhouShi,120.210792,30.246026,prefecture,33,浙江,True,2,$.data.cityData.hotCitys[8],$.data.cityData.hotCitys[8] | $.data.cityData.provinces.330000.cities[0]
330200,宁波,宁波市,NingBoShi,121.62454,29.860258,prefecture,33,浙江,True,1,$.data.cityData.provinces.330000.cities[1],$.data.cityData.provinces.330000.cities[1]
330300,温州,温州市,WenZhouShi,120.699279,27.993849,prefecture,33,浙江,True,1,$.data.cityData.provinces.330000.cities[2],$.data.cityData.provinces.330000.cities[2]
330400,嘉兴,嘉兴市,JiaXingShi,120.755623,30.746814,prefecture,33,浙江,True,1,$.data.cityData.provinces.330000.cities[3],$.data.cityData.provinces.330000.cities[3]
330500,湖州,湖州市,HuZhouShi,120.086881,30.894178,prefecture,33,浙江,True,1,$.data.cityData.provinces.330000.cities[4],$.data.cityData.provinces.330000.cities[4]
330600,绍兴,绍兴市,ShaoXingShi,120.582886,30.051549,prefecture,33,浙江,True,1,$.data.cityData.provinces.330000.cities[5],$.data.cityData.provinces.330000.cities[5]
330700,金华,金华市,JinHuaShi,119.647265,29.079195,prefecture,33,浙江,True,1,$.data.cityData.provinces.330000.cities[6],$.data.cityData.provinces.330000.cities[6]
330800,衢州,衢州市,QuZhouShi,118.859307,28.970229,prefecture,33,浙江,True,1,$.data.cityData.provinces.330000.cities[7],$.data.cityData.provinces.330000.cities[7]
330900,舟山,舟山市,ZhouShanShi,122.207395,29.985578,prefecture,33,浙江,True,1,$.data.cityData.provinces.330000.cities[8],$.data.cityData.provinces.330000.cities[8]
331000,台州,台州市,TaiZhouShi,121.42079,28.655716,prefecture,33,浙江,True,1,$.data.cityData.provinces.330000.cities[9],$.data.cityData.provinces.330000.cities[9]
331100,丽水,丽水市,LiShuiShi,119.923249,28.467694,prefecture,33,浙江,True,1,$.data.cityData.provinces.330000.cities[10],$.data.cityData.provinces.330000.cities[10]
340000,安徽,安徽省,AnHuiSheng,117.330139,31.734559,province,34,安徽,True,1,$.data.cityData.provinces.340000,$.data.cityData.provinces.340000
340100,合肥,合肥市,HeFeiShi,117.227267,31.820567,prefecture,34,安徽,True,1,$.data.cityData.provinces.340000.cities[0],$.data.cityData.provinces.340000.cities[0]
340200,芜湖,芜湖市,WuHuShi,118.433065,31.352614,prefecture,34,安徽,True,1,$.data.cityData.provinces.340000.cities[1],$.data.cityData.provinces.340000.cities[1]
340300,蚌埠,蚌埠市,BengBuShi,117.388566,32.91682,prefecture,34,安徽,True,1,$.data.cityData.provinces.340000.cities[2],$.data.cityData.provinces.340000.cities[2]
340400,淮南,淮南市,HuaiNanShi,117.018603,32.585384,prefecture,34,安徽,True,1,$.data.cityData.provinces.340000.cities[3],$.data.cityData.provinces.340000.cities[3]
340500,马鞍山,马鞍山市,MaAnShanShi,118.50685,31.668765,prefecture,34,安徽,True,1,$.data.cityData.provinces.340000.cities[4],$.data.cityData.provinces.340000.cities[4]
340600,淮北,淮北市,HuaiBeiShi,116.798362,33.956264,prefecture,34,安徽,True,1,$.data.cityData.provinces.340000.cities[5],$.data.cityData.provinces.340000.cities[5]
340700,铜陵,铜陵市,TongLingShi,117.811298,30.945214,prefecture,34,安徽,True,1,$.data.cityData.provinces.340000.cities[6],$.data.cityData.provinces.340000.cities[6]
340800,安庆,安庆市,AnQingShi,117.115349,30.531828,prefecture,34,安徽,True,1,$.data.cityData.provinces.340000.cities[7],$.data.cityData.provinces.340000.cities[7]
341000,黄山,黄山市,HuangShanShi,118.337643,29.714886,prefecture,34,安徽,True,1,$.data.cityData.provinces.340000.cities[8],$.data.cityData.provinces.340000.cities[8]
341100,滁州,滁州市,ChuZhouShi,118.333439,32.255904,prefecture,34,安徽,True,1,$.data.cityData.provinces.340000.cities[9],$.data.cityData.provinces.340000.cities[9]
341200,阜阳,阜阳市,FuYangShi,115.814252,32.891032,prefecture,34,安徽,True,1,$.data.cityData.provinces.340000.cities[10],$.data.cityData.provinces.340000.cities[10]
341300,宿州,宿州市,SuZhouShi,116.96419,33.647726,prefecture,34,安徽,True,1,$.data.cityData.provinces.340000.cities[11],$.data.cityData.provinces.340000.cities[11]
341500,六安,六安市,LuAnShi,116.519729,31.735892,prefecture,34,安徽,True,1,$.data.cityData.provinces.340000.cities[12],$.data.cityData.provinces.340000.cities[12]
341600,亳州,亳州市,BoZhouShi,115.778588,33.846285,prefecture,34,安徽,True,1,$.data.cityData.provinces.340000.cities[13],$.data.cityData.provinces.340000.cities[13]
341700,池州,池州市,ChiZhouShi,117.495663,30.674264,prefecture,34,安徽,True,1,$.data.cityData.provinces.340000.cities[14],$.data.cityData.provinces.340000.cities[14]
341800,宣城,宣城市,XuanChengShi,118.759127,30.939278,prefecture,34,安徽,True,1,$.data.cityData.provinces.340000.cities[15],$.data.cityData.provinces.340000.cities[15]
350000,福建,福建省,FuJianSheng,119.296194,26.101082,province,35,,False,1,$.data.cityData.provinces.350000,$.data.cityData.provinces.350000
350100,福州,福州市,FuZhouShi,119.296411,26.074286,prefecture,35,,False,1,$.data.cityData.provinces.350000.cities[0],$.data.cityData.provinces.350000.cities[0]
350200,厦门,厦门市,XiaMenShi,118.08891,24.479627,prefecture,35,,False,1,$.data.cityData.provinces.350000.cities[1],$.data.cityData.provinces.350000.cities[1]
350300,莆田,莆田市,PuTianShi,119.007662,25.454202,prefecture,35,,False,1,$.data.cityData.provinces.350000.cities[2],$.data.cityData.provinces.350000.cities[2]
350400,三明,三明市,SanMingShi,117.638919,26.263455,prefecture,35,,False,1,$.data.cityData.provinces.350000.cities[3],$.data.cityData.provinces.350000.cities[3]
350500,泉州,泉州市,QuanZhouShi,118.675724,24.874452,prefecture,35,,False,1,$.data.cityData.provinces.350000.cities[4],$.data.cityData.provinces.350000.cities[4]
350600,漳州,漳州市,ZhangZhouShi,117.647298,24.515297,prefecture,35,,False,1,$.data.cityData.provinces.350000.cities[5],$.data.cityData.provinces.350000.cities[5]
350700,南平,南平市,NanPingShi,118.081325,27.382829,prefecture,35,,False,1,$.data.cityData.provinces.350000.cities[6],$.data.cityData.provinces.350000.cities[6]
350800,龙岩,龙岩市,LongYanShi,117.017362,25.075884,prefecture,35,,False,1,$.data.cityData.provinces.350000.cities[7],$.data.cityData.provinces.350000.cities[7]
350900,宁德,宁德市,NingDeShi,119.547729,26.666222,prefecture,35,,False,1,$.data.cityData.provinces.350000.cities[8],$.data.cityData.provinces.350000.cities[8]
360000,江西,江西省,JiangXiSheng,115.816587,28.637234,province,36,江西,True,1,$.data.cityData.provinces.360000,$.data.cityData.provinces.360000
360100,南昌,南昌市,NanChangShi,115.857972,28.682976,prefecture,36,江西,True,1,$.data.cityData.provinces.360000.cities[0],$.data.cityData.provinces.360000.cities[0]
360200,景德镇,景德镇市,JingDeZhenShi,117.184892,29.2744,prefecture,36,江西,True,1,$.data.cityData.provinces.360000.cities[1],$.data.cityData.provinces.360000.cities[1]
360300,萍乡,萍乡市,PingXiangShi,113.887147,27.658721,prefecture,36,江西,True,1,$.data.cityData.provinces.360000.cities[2],$.data.cityData.provinces.360000.cities[2]
360400,九江,九江市,JiuJiangShi,115.95356,29.66116,prefecture,36,江西,True,1,$.data.cityData.provinces.360000.cities[3],$.data.cityData.provinces.360000.cities[3]
360500,新余,新余市,XinYuShi,114.916665,27.818553,prefecture,36,江西,True,1,$.data.cityData.provinces.360000.cities[4],$.data.cityData.provinces.360000.cities[4]
360600,鹰潭,鹰潭市,YingTanShi,117.039532,28.272092,prefecture,36,江西,True,1,$.data.cityData.provinces.360000.cities[5],$.data.cityData.provinces.360000.cities[5]
360700,赣州,赣州市,GanZhouShi,114.933494,25.831139,prefecture,36,江西,True,1,$.data.cityData.provinces.360000.cities[6],$.data.cityData.provinces.360000.cities[6]
360800,吉安,吉安市,JiAnShi,114.96681,27.091243,prefecture,36,江西,True,1,$.data.cityData.provinces.360000.cities[7],$.data.cityData.provinces.360000.cities[7]
360900,宜春,宜春市,YiChunShi,114.416826,27.816245,prefecture,36,江西,True,1,$.data.cityData.provinces.360000.cities[8],$.data.cityData.provinces.360000.cities[8]
361000,抚州,抚州市,FuZhouShi,116.358054,27.948979,prefecture,36,江西,True,1,$.data.cityData.provinces.360000.cities[9],$.data.cityData.provinces.360000.cities[9]
361100,上饶,上饶市,ShangRaoShi,117.943064,28.45513,prefecture,36,江西,True,1,$.data.cityData.provinces.360000.cities[10],$.data.cityData.provinces.360000.cities[10]
370000,山东,山东省,ShanDong Sheng,117.020725,36.670201,province,37,山东,True,1,$.data.cityData.provinces.370000,$.data.cityData.provinces.370000
370100,济南,济南市,JiNanShi,117.120128,36.652069,prefecture,37,山东,True,1,$.data.cityData.provinces.370000.cities[0],$.data.cityData.provinces.370000.cities[0]
370200,青岛,青岛市,QingDaoShi,120.382665,36.066938,prefecture,37,山东,True,2,$.data.cityData.hotCitys[9],$.data.cityData.hotCitys[9] | $.data.cityData.provinces.370000.cities[1]
370300,淄博,淄博市,ZiBoShi,118.054994,36.813787,prefecture,37,山东,True,1,$.data.cityData.provinces.370000.cities[2],$.data.cityData.provinces.370000.cities[2]
370400,枣庄,枣庄市,ZaoZhuangShi,117.323759,34.810858,prefecture,37,山东,True,1,$.data.cityData.provinces.370000.cities[3],$.data.cityData.provinces.370000.cities[3]
370500,东营,东营市,DongYingShi,118.674633,37.433992,prefecture,37,山东,True,1,$.data.cityData.provinces.370000.cities[4],$.data.cityData.provinces.370000.cities[4]
370600,烟台,烟台市,YanTaiShi,121.447755,37.464551,prefecture,37,山东,True,1,$.data.cityData.provinces.370000.cities[5],$.data.cityData.provinces.370000.cities[5]
370700,潍坊,潍坊市,WeiFangShi,119.161721,36.707668,prefecture,37,山东,True,1,$.data.cityData.provinces.370000.cities[6],$.data.cityData.provinces.370000.cities[6]
370800,济宁,济宁市,JiNingShi,116.587116,35.415117,prefecture,37,山东,True,1,$.data.cityData.provinces.370000.cities[7],$.data.cityData.provinces.370000.cities[7]
370900,泰安,泰安市,TaiAnShi,117.086963,36.201784,prefecture,37,山东,True,1,$.data.cityData.provinces.370000.cities[8],$.data.cityData.provinces.370000.cities[8]
371000,威海,威海市,WeiHaiShi,122.120519,37.513315,prefecture,37,山东,True,1,$.data.cityData.provinces.370000.cities[9],$.data.cityData.provinces.370000.cities[9]
371100,日照,日照市,RiZhaoShi,119.52685,35.416912,prefecture,37,山东,True,1,$.data.cityData.provinces.370000.cities[10],$.data.cityData.provinces.370000.cities[10]
371300,临沂,临沂市,LinYiShi,118.356464,35.103771,prefecture,37,山东,True,1,$.data.cityData.provinces.370000.cities[11],$.data.cityData.provinces.370000.cities[11]
371400,德州,德州市,DeZhouShi,116.359244,37.436492,prefecture,37,山东,True,1,$.data.cityData.provinces.370000.cities[12],$.data.cityData.provinces.370000.cities[12]
371500,聊城,聊城市,LiaoChengShi,115.985238,36.455857,prefecture,37,山东,True,1,$.data.cityData.provinces.370000.cities[13],$.data.cityData.provinces.370000.cities[13]
371600,滨州,滨州市,BinZhouShi,117.970731,37.382687,prefecture,37,山东,True,1,$.data.cityData.provinces.370000.cities[14],$.data.cityData.provinces.370000.cities[14]
371700,菏泽,菏泽市,HeZeShi,115.479646,35.234309,prefecture,37,山东,True,1,$.data.cityData.provinces.370000.cities[15],$.data.cityData.provinces.370000.cities[15]
410000,河南,河南省,HeNanSheng,113.753094,34.767052,province,41,河南,True,1,$.data.cityData.provinces.410000,$.data.cityData.provinces.410000
410100,郑州,郑州市,ZhengZhouShi,113.625351,34.746303,prefecture,41,河南,True,2,$.data.cityData.hotCitys[10],$.data.cityData.hotCitys[10] | $.data.cityData.provinces.410000.cities[0]
410200,开封,开封市,KaiFengShi,114.314278,34.798083,prefecture,41,河南,True,1,$.data.cityData.provinces.410000.cities[1],$.data.cityData.provinces.410000.cities[1]
410300,洛阳,洛阳市,LuoYangShi,112.453895,34.619702,prefecture,41,河南,True,1,$.data.cityData.provinces.410000.cities[2],$.data.cityData.provinces.410000.cities[2]
410400,平顶山,平顶山市,PingDingShanShi,113.192595,33.766554,prefecture,41,河南,True,1,$.data.cityData.provinces.410000.cities[3],$.data.cityData.provinces.410000.cities[3]
410500,安阳,安阳市,AnYangShi,114.39248,36.098779,prefecture,41,河南,True,1,$.data.cityData.provinces.410000.cities[4],$.data.cityData.provinces.410000.cities[4]
410600,鹤壁,鹤壁市,HeBiShi,114.297305,35.748329,prefecture,41,河南,True,1,$.data.cityData.provinces.410000.cities[5],$.data.cityData.provinces.410000.cities[5]
410700,新乡,新乡市,XinXiangShi,113.92679,35.303589,prefecture,41,河南,True,1,$.data.cityData.provinces.410000.cities[6],$.data.cityData.provinces.410000.cities[6]
410800,焦作,焦作市,JiaoZuoShi,113.241902,35.215726,prefecture,41,河南,True,1,$.data.cityData.provinces.410000.cities[7],$.data.cityData.provinces.410000.cities[7]
410900,濮阳,濮阳市,PuYangShi,115.029246,35.762731,prefecture,41,河南,True,1,$.data.cityData.provinces.410000.cities[8],$.data.cityData.provinces.410000.cities[8]
411000,许昌,许昌市,XuChangShi,113.852004,34.03732,prefecture,41,河南,True,1,$.data.cityData.provinces.410000.cities[9],$.data.cityData.provinces.410000.cities[9]
411100,漯河,漯河市,LuoHeShi,114.0166,33.58038,prefecture,41,河南,True,1,$.data.cityData.provinces.410000.cities[10],$.data.cityData.provinces.410000.cities[10]
411200,三门峡,三门峡市,SanMenXiaShi,111.200482,34.773196,prefecture,41,河南,True,1,$.data.cityData.provinces.410000.cities[11],$.data.cityData.provinces.410000.cities[11]
411300,南阳,南阳市,NanYangShi,112.584753,33.016102,prefecture,41,河南,True,1,$.data.cityData.provinces.410000.cities[12],$.data.cityData.provinces.410000.cities[12]
411400,商丘,商丘市,ShangQiuShi,115.656358,34.415165,prefecture,41,河南,True,1,$.data.cityData.provinces.410000.cities[13],$.data.cityData.provinces.410000.cities[13]
411500,信阳,信阳市,XinYangShi,114.091058,32.148624,prefecture,41,河南,True,1,$.data.cityData.provinces.410000.cities[14],$.data.cityData.provinces.410000.cities[14]
411600,周口,周口市,ZhouKouShi,114.701222,33.634652,prefecture,41,河南,True,1,$.data.cityData.provinces.410000.cities[15],$.data.cityData.provinces.410000.cities[15]
411700,驻马店,驻马店市,ZhuMaDianShi,114.021988,33.014038,prefecture,41,河南,True,1,$.data.cityData.provinces.410000.cities[16],$.data.cityData.provinces.410000.cities[16]
419001,济源,济源市,JiYuanShi,112.602347,35.069057,county,41,河南,True,1,$.data.cityData.provinces.410000.cities[17],$.data.cityData.provinces.410000.cities[17]
420000,湖北,湖北省,HuBeiSheng,114.341552,30.546222,province,42,湖北,True,1,$.data.cityData.provinces.420000,$.data.cityData.provinces.420000
420100,武汉,武汉市,WuHanShi,114.304569,30.593354,prefecture,42,湖北,True,2,$.data.cityData.hotCitys[11],$.data.cityData.hotCitys[11] | $.data.cityData.provinces.420000.cities[0]
420200,黄石,黄石市,HuangShiShi,115.038999,30.201082,prefecture,42,湖北,True,1,$.data.cityData.provinces.420000.cities[1],$.data.cityData.provinces.420000.cities[1]
420300,十堰,十堰市,ShiYanShi,110.798921,32.629057,prefecture,42,湖北,True,1,$.data.cityData.provinces.420000.cities[2],$.data.cityData.provinces.420000.cities[2]
420500,宜昌,宜昌市,YiChangShi,111.286962,30.69217,prefecture,42,湖北,True,1,$.data.cityData.provinces.420000.cities[3],$.data.cityData.provinces.420000.cities[3]
420600,襄阳,襄阳市,XiangYangShi,112.121743,32.010161,prefecture,42,湖北,True,1,$.data.cityData.provinces.420000.cities[4],$.data.cityData.provinces.420000.cities[4]
420700,鄂州,鄂州市,EZhouShi,114.894909,30.391461,prefecture,42,湖北,True,1,$.data.cityData.provinces.420000.cities[5],$.data.cityData.provinces.420000.cities[5]
420800,荆门,荆门市,JingMenShi,112.199009,31.035445,prefecture,42,湖北,True,1,$.data.cityData.provinces.420000.cities[6],$.data.cityData.provinces.420000.cities[6]
420900,孝感,孝感市,XiaoGanShi,113.956962,30.918311,prefecture,42,湖北,True,1,$.data.cityData.provinces.420000.cities[7],$.data.cityData.provinces.420000.cities[7]
421000,荆州,荆州市,JingZhouShi,112.24143,30.336282,prefecture,42,湖北,True,1,$.data.cityData.provinces.420000.cities[8],$.data.cityData.provinces.420000.cities[8]
421100,黄冈,黄冈市,HuangGangShi,114.872425,30.453722,prefecture,42,湖北,True,1,$.data.cityData.provinces.420000.cities[9],$.data.cityData.provinces.420000.cities[9]
421200,咸宁,咸宁市,XianNingShi,114.322601,29.84135,prefecture,42,湖北,True,1,$.data.cityData.provinces.420000.cities[10],$.data.cityData.provinces.420000.cities[10]
421300,随州,随州市,SuiZhouShi,113.382324,31.690275,prefecture,42,湖北,True,1,$.data.cityData.provinces.420000.cities[11],$.data.cityData.provinces.420000.cities[11]
422800,恩施土家族苗族自治州,恩施土家族苗族自治州,EnShi TuJiaZu MiaoZu ZiZhiZhou,109.488076,30.272104,prefecture,42,湖北,True,1,$.data.cityData.provinces.420000.cities[12],$.data.cityData.provinces.420000.cities[12]
429004,仙桃,仙桃市,XianTaoShi,113.442973,30.328407,county,42,湖北,True,1,$.data.cityData.provinces.420000.cities[13],$.data.cityData.provinces.420000.cities[13]
429005,潜江,潜江市,QianJiangShi,112.900279,30.401954,county,42,湖北,True,1,$.data.cityData.provinces.420000.cities[14],$.data.cityData.provinces.420000.cities[14]
429006,天门,天门市,TianMenShi,113.166545,30.663706,county,42,湖北,True,1,$.data.cityData.provinces.420000.cities[15],$.data.cityData.provinces.420000.cities[15]
429021,神农架林区,神农架林区,ShenNongJiaLinQu,110.675879,31.745103,county,42,湖北,True,1,$.data.cityData.provinces.420000.cities[16],$.data.cityData.provinces.420000.cities[16]
430000,湖南,湖南省,HuNanSheng,112.982951,28.116007,province,43,湖南,True,1,$.data.cityData.provinces.430000,$.data.cityData.provinces.430000
430100,长沙,长沙市,ChangShaShi,112.938882,28.228304,prefecture,43,湖南,True,2,$.data.cityData.hotCitys[12],$.data.cityData.hotCitys[12] | $.data.cityData.provinces.430000.cities[0]
430200,株洲,株洲市,ZhuZhouShi,113.132783,27.828862,prefecture,43,湖南,True,1,$.data.cityData.provinces.430000.cities[1],$.data.cityData.provinces.430000.cities[1]
430300,湘潭,湘潭市,XiangTanShi,112.945439,27.83136,prefecture,43,湖南,True,1,$.data.cityData.provinces.430000.cities[2],$.data.cityData.provinces.430000.cities[2]
430400,衡阳,衡阳市,HengYangShi,112.572016,26.894216,prefecture,43,湖南,True,1,$.data.cityData.provinces.430000.cities[3],$.data.cityData.provinces.430000.cities[3]
430500,邵阳,邵阳市,ShaoYangShi,111.467855,27.239528,prefecture,43,湖南,True,1,$.data.cityData.provinces.430000.cities[4],$.data.cityData.provinces.430000.cities[4]
430600,岳阳,岳阳市,YueYangShi,113.128922,29.35648,prefecture,43,湖南,True,1,$.data.cityData.provinces.430000.cities[5],$.data.cityData.provinces.430000.cities[5]
430700,常德,常德市,ChangDeShi,111.69905,29.031446,prefecture,43,湖南,True,1,$.data.cityData.provinces.430000.cities[6],$.data.cityData.provinces.430000.cities[6]
430800,张家界,张家界市,ZhangJiaJieShi,110.478887,29.117343,prefecture,43,湖南,True,1,$.data.cityData.provinces.430000.cities[7],$.data.cityData.provinces.430000.cities[7]
430900,益阳,益阳市,YiYangShi,112.355994,28.554853,prefecture,43,湖南,True,1,$.data.cityData.provinces.430000.cities[8],$.data.cityData.provinces.430000.cities[8]
431000,郴州,郴州市,ChenZhouShi,113.015517,25.770117,prefecture,43,湖南,True,1,$.data.cityData.provinces.430000.cities[9],$.data.cityData.provinces.430000.cities[9]
431100,永州,永州市,YongZhouShi,111.613482,26.419861,prefecture,43,湖南,True,1,$.data.cityData.provinces.430000.cities[10],$.data.cityData.provinces.430000.cities[10]
431200,怀化,怀化市,HuaiHuaShi,110.001598,27.569813,prefecture,43,湖南,True,1,$.data.cityData.provinces.430000.cities[11],$.data.cityData.provinces.430000.cities[11]
431300,娄底,娄底市,LouDiShi,111.994468,27.699838,prefecture,43,湖南,True,1,$.data.cityData.provinces.430000.cities[12],$.data.cityData.provinces.430000.cities[12]
433100,湘西土家族苗族自治州,湘西土家族苗族自治州,XiangXi TuJiaZu MiaoZu ZiZhiZhou,109.673345,28.215983,prefecture,43,湖南,True,1,$.data.cityData.provinces.430000.cities[13],$.data.cityData.provinces.430000.cities[13]
440000,广东,广东省,GuangDongSheng,113.266887,23.133306,province,44,广东,True,1,$.data.cityData.provinces.440000,$.data.cityData.provinces.440000
440100,广州,广州市,GuangZhouShi,113.264499,23.130061,prefecture,44,广东,True,2,$.data.cityData.hotCitys[13],$.data.cityData.hotCitys[13] | $.data.cityData.provinces.440000.cities[0]
440200,韶关,韶关市,ShaoGuanShi,113.597324,24.810977,prefecture,44,广东,True,1,$.data.cityData.provinces.440000.cities[1],$.data.cityData.provinces.440000.cities[1]
440300,深圳,深圳市,ShenZhenShi,114.057939,22.543527,prefecture,44,广东,True,2,$.data.cityData.hotCitys[14],$.data.cityData.hotCitys[14] | $.data.cityData.provinces.440000.cities[2]
440400,珠海,珠海市,ZhuHaiShi,113.576892,22.271644,prefecture,44,广东,True,1,$.data.cityData.provinces.440000.cities[3],$.data.cityData.provinces.440000.cities[3]
440500,汕头,汕头市,ShanTouShi,116.681956,23.354152,prefecture,44,广东,True,1,$.data.cityData.provinces.440000.cities[4],$.data.cityData.provinces.440000.cities[4]
440600,佛山,佛山市,FoShanShi,113.121586,23.021351,prefecture,44,广东,True,1,$.data.cityData.provinces.440000.cities[5],$.data.cityData.provinces.440000.cities[5]
440700,江门,江门市,JiangMenShi,113.081548,22.578948,prefecture,44,广东,True,1,$.data.cityData.provinces.440000.cities[6],$.data.cityData.provinces.440000.cities[6]
440800,湛江,湛江市,ZhanJiangShi,110.357538,21.270108,prefecture,44,广东,True,1,$.data.cityData.provinces.440000.cities[7],$.data.cityData.provinces.440000.cities[7]
440900,茂名,茂名市,MaoMingShi,110.925533,21.662728,prefecture,44,广东,True,1,$.data.cityData.provinces.440000.cities[8],$.data.cityData.provinces.440000.cities[8]
441200,肇庆,肇庆市,ZhaoQingShi,112.465245,23.047747,prefecture,44,广东,True,1,$.data.cityData.provinces.440000.cities[9],$.data.cityData.provinces.440000.cities[9]
441300,惠州,惠州市,HuiZhouShi,114.415587,23.112368,prefecture,44,广东,True,1,$.data.cityData.provinces.440000.cities[10],$.data.cityData.provinces.440000.cities[10]
441400,梅州,梅州市,MeiZhouShi,116.122046,24.288832,prefecture,44,广东,True,1,$.data.cityData.provinces.440000.cities[11],$.data.cityData.provinces.440000.cities[11]
441500,汕尾,汕尾市,ShanWeiShi,115.375557,22.787204,prefecture,44,广东,True,1,$.data.cityData.provinces.440000.cities[12],$.data.cityData.provinces.440000.cities[12]
441600,河源,河源市,HeYuanShi,114.700215,23.744276,prefecture,44,广东,True,1,$.data.cityData.provinces.440000.cities[13],$.data.cityData.provinces.440000.cities[13]
441700,阳江,阳江市,YangJiangShi,111.98343,21.856853,prefecture,44,广东,True,1,$.data.cityData.provinces.440000.cities[14],$.data.cityData.provinces.440000.cities[14]
441800,清远,清远市,QingYuanShi,113.056098,23.682064,prefecture,44,广东,True,1,$.data.cityData.provinces.440000.cities[15],$.data.cityData.provinces.440000.cities[15]
441900,东莞,东莞市,DongGuanShi,113.751884,23.021016,prefecture,44,广东,True,1,$.data.cityData.provinces.440000.cities[16],$.data.cityData.provinces.440000.cities[16]
442000,中山,中山市,ZhongShanShi,113.392517,22.517024,prefecture,44,广东,True,1,$.data.cityData.provinces.440000.cities[17],$.data.cityData.provinces.440000.cities[17]
445100,潮州,潮州市,ChaoZhouShi,116.621901,23.657662,prefecture,44,广东,True,1,$.data.cityData.provinces.440000.cities[18],$.data.cityData.provinces.440000.cities[18]
445200,揭阳,揭阳市,JieYangShi,116.372732,23.550968,prefecture,44,广东,True,1,$.data.cityData.provinces.440000.cities[19],$.data.cityData.provinces.440000.cities[19]
445300,云浮,云浮市,YunFuShi,112.044524,22.915163,prefecture,44,广东,True,1,$.data.cityData.provinces.440000.cities[20],$.data.cityData.provinces.440000.cities[20]
450000,广西,广西壮族自治区,GuangXi ZhuangZu ZiZhiQu,108.327537,22.816659,province,45,广西,True,1,$.data.cityData.provinces.450000,$.data.cityData.provinces.450000
450100,南宁,南宁市,NanNingShi,108.366407,22.8177,prefecture,45,广西,True,1,$.data.cityData.provinces.450000.cities[0],$.data.cityData.provinces.450000.cities[0]
450200,柳州,柳州市,LiuZhouShi,109.428071,24.326442,prefecture,45,广西,True,1,$.data.cityData.provinces.450000.cities[1],$.data.cityData.provinces.450000.cities[1]
450300,桂林,桂林市,GuiLinShi,110.179752,25.235615,prefecture,45,广西,True,1,$.data.cityData.provinces.450000.cities[2],$.data.cityData.provinces.450000.cities[2]
450400,梧州,梧州市,WuZhouShi,111.279022,23.476733,prefecture,45,广西,True,1,$.data.cityData.provinces.450000.cities[3],$.data.cityData.provinces.450000.cities[3]
450500,北海,北海市,BeiHaiShi,109.120248,21.481305,prefecture,45,广西,True,1,$.data.cityData.provinces.450000.cities[4],$.data.cityData.provinces.450000.cities[4]
450600,防城港,防城港市,FangChengGangShi,108.35467,21.686732,prefecture,45,广西,True,1,$.data.cityData.provinces.450000.cities[5],$.data.cityData.provinces.450000.cities[5]
450700,钦州,钦州市,QinZhouShi,108.654355,21.980894,prefecture,45,广西,True,1,$.data.cityData.provinces.450000.cities[6],$.data.cityData.provinces.450000.cities[6]
450800,贵港,贵港市,GuiGangShi,109.598903,23.11182,prefecture,45,广西,True,1,$.data.cityData.provinces.450000.cities[7],$.data.cityData.provinces.450000.cities[7]
450900,玉林,玉林市,YuLinShi,110.18097,22.654001,prefecture,45,广西,True,1,$.data.cityData.provinces.450000.cities[8],$.data.cityData.provinces.450000.cities[8]
451000,百色,百色市,BaiSeShi,106.61869,23.90307,prefecture,45,广西,True,1,$.data.cityData.provinces.450000.cities[9],$.data.cityData.provinces.450000.cities[9]
451100,贺州,贺州市,HeZhouShi,111.567216,24.404182,prefecture,45,广西,True,1,$.data.cityData.provinces.450000.cities[10],$.data.cityData.provinces.450000.cities[10]
451200,河池,河池市,HeChiShi,108.63639,24.48523,prefecture,45,广西,True,1,$.data.cityData.provinces.450000.cities[11],$.data.cityData.provinces.450000.cities[11]
451300,来宾,来宾市,LaiBinShi,109.221243,23.750105,prefecture,45,广西,True,1,$.data.cityData.provinces.450000.cities[12],$.data.cityData.provinces.450000.cities[12]
451400,崇左,崇左市,ChongZuoShi,107.364973,22.377139,prefecture,45,广西,True,1,$.data.cityData.provinces.450000.cities[13],$.data.cityData.provinces.450000.cities[13]
460000,海南,海南省,HaiNanSheng,110.348781,20.018639,province,46,,False,1,$.data.cityData.provinces.460000,$.data.cityData.provinces.460000
460100,海口,海口市,HaiKouShi,110.200162,20.046316,prefecture,46,,False,1,$.data.cityData.provinces.460000.cities[0],$.data.cityData.provinces.460000.cities[0]
460200,三亚,三亚市,SanYaShi,109.511709,18.252865,prefecture,46,,False,1,$.data.cityData.provinces.460000.cities[1],$.data.cityData.provinces.460000.cities[1]
460300,三沙,三沙市,SanShaShi,112.338649,16.831004,prefecture,46,,False,1,$.data.cityData.provinces.460000.cities[2],$.data.cityData.provinces.460000.cities[2]
460400,儋州,儋州市,DanZhouShi,109.580812,19.520948,prefecture,46,,False,1,$.data.cityData.provinces.460000.cities[3],$.data.cityData.provinces.460000.cities[3]
500000,重庆,重庆市,ChongQingShi,106.551787,29.56268,province,50,,False,2,$.data.cityData.hotCitys[15],$.data.cityData.hotCitys[15] | $.data.cityData.provinces.500000
510000,四川,四川省,SiChuanSheng,104.076452,30.651696,province,51,,False,1,$.data.cityData.provinces.510000,$.data.cityData.provinces.510000
510100,成都,成都市,ChengDuShi,104.066301,30.572961,prefecture,51,,False,2,$.data.cityData.hotCitys[16],$.data.cityData.hotCitys[16] | $.data.cityData.provinces.510000.cities[0]
510300,自贡,自贡市,ZiGongShi,104.779307,29.33924,prefecture,51,,False,1,$.data.cityData.provinces.510000.cities[1],$.data.cityData.provinces.510000.cities[1]
510400,攀枝花,攀枝花市,PanZhiHuaShi,101.71846,26.582417,prefecture,51,,False,1,$.data.cityData.provinces.510000.cities[2],$.data.cityData.provinces.510000.cities[2]
510500,泸州,泸州市,LuZhouShi,105.441866,28.87098,prefecture,51,,False,1,$.data.cityData.provinces.510000.cities[3],$.data.cityData.provinces.510000.cities[3]
510600,德阳,德阳市,DeYangShi,104.397795,31.127449,prefecture,51,,False,1,$.data.cityData.provinces.510000.cities[4],$.data.cityData.provinces.510000.cities[4]
510700,绵阳,绵阳市,MianYangShi,104.679127,31.467673,prefecture,51,,False,1,$.data.cityData.provinces.510000.cities[5],$.data.cityData.provinces.510000.cities[5]
510800,广元,广元市,GuangYuanShi,105.844004,32.435774,prefecture,51,,False,1,$.data.cityData.provinces.510000.cities[6],$.data.cityData.provinces.510000.cities[6]
510900,遂宁,遂宁市,SuiNingShi,105.592602,30.53268,prefecture,51,,False,1,$.data.cityData.provinces.510000.cities[7],$.data.cityData.provinces.510000.cities[7]
511000,内江,内江市,NeiJiangShi,105.057992,29.58021,prefecture,51,,False,1,$.data.cityData.provinces.510000.cities[8],$.data.cityData.provinces.510000.cities[8]
511100,乐山,乐山市,LeShanShi,103.766085,29.552275,prefecture,51,,False,1,$.data.cityData.provinces.510000.cities[9],$.data.cityData.provinces.510000.cities[9]
511300,南充,南充市,NanChongShi,106.110565,30.837235,prefecture,51,,False,1,$.data.cityData.provinces.510000.cities[10],$.data.cityData.provinces.510000.cities[10]
511400,眉山,眉山市,MeiShanShi,103.848417,30.077113,prefecture,51,,False,1,$.data.cityData.provinces.510000.cities[11],$.data.cityData.provinces.510000.cities[11]
511500,宜宾,宜宾市,YiBinShi,104.642826,28.752354,prefecture,51,,False,1,$.data.cityData.provinces.510000.cities[12],$.data.cityData.provinces.510000.cities[12]
511600,广安,广安市,GuangAnShi,106.632647,30.456354,prefecture,51,,False,1,$.data.cityData.provinces.510000.cities[13],$.data.cityData.provinces.510000.cities[13]
511700,达州,达州市,DaZhouShi,107.46778,31.209278,prefecture,51,,False,1,$.data.cityData.provinces.510000.cities[14],$.data.cityData.provinces.510000.cities[14]
511800,雅安,雅安市,YaAnShi,103.041538,30.009998,prefecture,51,,False,1,$.data.cityData.provinces.510000.cities[15],$.data.cityData.provinces.510000.cities[15]
511900,巴中,巴中市,BaZhongShi,106.747548,31.867853,prefecture,51,,False,1,$.data.cityData.provinces.510000.cities[16],$.data.cityData.provinces.510000.cities[16]
512000,资阳,资阳市,ZiYangShi,104.627265,30.129236,prefecture,51,,False,1,$.data.cityData.provinces.510000.cities[17],$.data.cityData.provinces.510000.cities[17]
513200,阿坝藏族羌族自治州,阿坝藏族羌族自治州,ABa ZangZu QiangZu ZiZhiZhou,102.224504,31.899427,prefecture,51,,False,1,$.data.cityData.provinces.510000.cities[18],$.data.cityData.provinces.510000.cities[18]
513300,甘孜藏族自治州,甘孜藏族自治州,GanZi ZangZu ZiZhiZhou,101.96231,30.04952,prefecture,51,,False,1,$.data.cityData.provinces.510000.cities[19],$.data.cityData.provinces.510000.cities[19]
513400,凉山彝族自治州,凉山彝族自治州,LiangShan YiZu ZiZhiZhou,102.267713,27.881396,prefecture,51,,False,1,$.data.cityData.provinces.510000.cities[20],$.data.cityData.provinces.510000.cities[20]
520000,贵州,贵州省,GuiZhouSheng,106.705251,26.600328,province,52,贵州,True,1,$.data.cityData.provinces.520000,$.data.cityData.provinces.520000
520100,贵阳,贵阳市,GuiYangShi,106.628201,26.646694,prefecture,52,贵州,True,1,$.data.cityData.provinces.520000.cities[0],$.data.cityData.provinces.520000.cities[0]
520200,六盘水,六盘水市,LiuPanShuiShi,104.830357,26.592538,prefecture,52,贵州,True,1,$.data.cityData.provinces.520000.cities[1],$.data.cityData.provinces.520000.cities[1]
520300,遵义,遵义市,ZunYiShi,107.031922,27.721931,prefecture,52,贵州,True,1,$.data.cityData.provinces.520000.cities[2],$.data.cityData.provinces.520000.cities[2]
520400,安顺,安顺市,AnShunShi,105.9476,26.253103,prefecture,52,贵州,True,1,$.data.cityData.provinces.520000.cities[3],$.data.cityData.provinces.520000.cities[3]
520500,毕节,毕节市,BiJieShi,105.291544,27.283615,prefecture,52,贵州,True,1,$.data.cityData.provinces.520000.cities[4],$.data.cityData.provinces.520000.cities[4]
520600,铜仁,铜仁市,TongRenShi,109.189528,27.731555,prefecture,52,贵州,True,1,$.data.cityData.provinces.520000.cities[5],$.data.cityData.provinces.520000.cities[5]
522300,黔西南布依族苗族自治州,黔西南布依族苗族自治州,QianXiNan BuYiZu MiaoZu ZiZhiZhou,104.906419,25.087733,prefecture,52,贵州,True,1,$.data.cityData.provinces.520000.cities[6],$.data.cityData.provinces.520000.cities[6]
522600,黔东南苗族侗族自治州,黔东南苗族侗族自治州,QianDongNan MiaoZu DongZu ZiZhiZhou,107.982838,26.583759,prefecture,52,贵州,True,1,$.data.cityData.provinces.520000.cities[7],$.data.cityData.provinces.520000.cities[7]
522700,黔南布依族苗族自治州,黔南布依族苗族自治州,QianNan BuYiZu MiaoZu ZiZhiZhou,107.522303,26.253136,prefecture,52,贵州,True,1,$.data.cityData.provinces.520000.cities[8],$.data.cityData.provinces.520000.cities[8]
530000,云南,云南省,YunNanSheng,102.709372,25.046432,province,53,,False,1,$.data.cityData.provinces.530000,$.data.cityData.provinces.530000
530100,昆明,昆明市,KunMingShi,102.833669,24.88149,prefecture,53,,False,1,$.data.cityData.provinces.530000.cities[0],$.data.cityData.provinces.530000.cities[0]
530300,曲靖,曲靖市,QuJingShi,103.796288,25.490866,prefecture,53,,False,1,$.data.cityData.provinces.530000.cities[1],$.data.cityData.provinces.530000.cities[1]
530400,玉溪,玉溪市,YuXiShi,102.526673,24.346786,prefecture,53,,False,1,$.data.cityData.provinces.530000.cities[2],$.data.cityData.provinces.530000.cities[2]
530500,保山,保山市,BaoShanShi,99.161489,25.112018,prefecture,53,,False,1,$.data.cityData.provinces.530000.cities[3],$.data.cityData.provinces.530000.cities[3]
530600,昭通,昭通市,ZhaoTongShi,103.717078,27.338185,prefecture,53,,False,1,$.data.cityData.provinces.530000.cities[4],$.data.cityData.provinces.530000.cities[4]
530700,丽江,丽江市,LiJiangShi,100.225936,26.855165,prefecture,53,,False,1,$.data.cityData.provinces.530000.cities[5],$.data.cityData.provinces.530000.cities[5]
530800,普洱,普洱市,PuErShi,100.966011,22.825229,prefecture,53,,False,1,$.data.cityData.provinces.530000.cities[6],$.data.cityData.provinces.530000.cities[6]
530900,临沧,临沧市,LinCangShi,100.088837,23.884175,prefecture,53,,False,1,$.data.cityData.provinces.530000.cities[7],$.data.cityData.provinces.530000.cities[7]
532300,楚雄彝族自治州,楚雄彝族自治州,ChuXiong YiZu ZiZhiZhou,101.528304,25.045678,prefecture,53,,False,1,$.data.cityData.provinces.530000.cities[8],$.data.cityData.provinces.530000.cities[8]
532500,红河哈尼族彝族自治州,红河哈尼族彝族自治州,HongHe HaNiZu YiZu ZiZhiZhou,103.374873,23.363129,prefecture,53,,False,1,$.data.cityData.provinces.530000.cities[9],$.data.cityData.provinces.530000.cities[9]
532600,文山壮族苗族自治州,文山壮族苗族自治州,WenShan ZhuangZu MiaoZu ZiZhiZhou,104.21567,23.400983,prefecture,53,,False,1,$.data.cityData.provinces.530000.cities[10],$.data.cityData.provinces.530000.cities[10]
532800,西双版纳傣族自治州,西双版纳傣族自治州,XiShuangBanNa DaiZu ZiZhiZhou,100.797002,22.009037,prefecture,53,,False,1,$.data.cityData.provinces.530000.cities[11],$.data.cityData.provinces.530000.cities[11]
532900,大理白族自治州,大理白族自治州,DaLi BaiZu ZiZhiZhou,100.267608,25.606548,prefecture,53,,False,1,$.data.cityData.provinces.530000.cities[12],$.data.cityData.provinces.530000.cities[12]
533100,德宏傣族景颇族自治州,德宏傣族景颇族自治州,DeHong DaiZu JingPoZu ZiZhiZhou,98.585621,24.433146,prefecture,53,,False,1,$.data.cityData.provinces.530000.cities[13],$.data.cityData.provinces.530000.cities[13]
533300,怒江傈僳族自治州,怒江傈僳族自治州,NuJiangLiSuZuZiZhiZhou,98.8566,25.817555,prefecture,53,,False,1,$.data.cityData.provinces.530000.cities[14],$.data.cityData.provinces.530000.cities[14]
533400,迪庆藏族自治州,迪庆藏族自治州,DiQing ZangZu ZiZhiZhou,99.70211,27.819149,prefecture,53,,False,1,$.data.cityData.provinces.530000.cities[15],$.data.cityData.provinces.530000.cities[15]
540000,西藏,西藏自治区,XiZangZiZhiQu,91.117449,29.648694,province,54,,False,1,$.data.cityData.provinces.540000,$.data.cityData.provinces.540000
540100,拉萨,拉萨市,LaSaShi,91.171924,29.653491,prefecture,54,,False,1,$.data.cityData.provinces.540000.cities[0],$.data.cityData.provinces.540000.cities[0]
540200,日喀则,日喀则市,RiKaZeShi,88.880423,29.266838,prefecture,54,,False,1,$.data.cityData.provinces.540000.cities[1],$.data.cityData.provinces.540000.cities[1]
540300,昌都,昌都市,ChangDuShi,97.170425,31.142879,prefecture,54,,False,1,$.data.cityData.provinces.540000.cities[2],$.data.cityData.provinces.540000.cities[2]
540400,林芝,林芝市,LinZhiShi,94.361436,29.64875,prefecture,54,,False,1,$.data.cityData.provinces.540000.cities[3],$.data.cityData.provinces.540000.cities[3]
540500,山南,山南市,ShanNanShi,91.771426,29.237722,prefecture,54,,False,1,$.data.cityData.provinces.540000.cities[4],$.data.cityData.provinces.540000.cities[4]
540600,那曲,那曲市,NaQuDiShi,92.05151,31.477905,prefecture,54,,False,1,$.data.cityData.provinces.540000.cities[5],$.data.cityData.provinces.540000.cities[5]
542500,阿里,阿里地区,ALiDiQu,80.105786,32.500987,prefecture,54,,False,1,$.data.cityData.provinces.540000.cities[6],$.data.cityData.provinces.540000.cities[6]
610000,陕西,陕西省,ShaanXiSheng,108.953939,34.266611,province,61,陕西,True,1,$.data.cityData.provinces.610000,$.data.cityData.provinces.610000
610100,西安,西安市,XiAnShi,108.939645,34.343207,prefecture,61,陕西,True,2,$.data.cityData.hotCitys[17],$.data.cityData.hotCitys[17] | $.data.cityData.provinces.610000.cities[0]
610200,铜川,铜川市,TongChuanShi,108.945116,34.897133,prefecture,61,陕西,True,1,$.data.cityData.provinces.610000.cities[1],$.data.cityData.provinces.610000.cities[1]
610300,宝鸡,宝鸡市,BaoJiShi,107.237682,34.362862,prefecture,61,陕西,True,1,$.data.cityData.provinces.610000.cities[2],$.data.cityData.provinces.610000.cities[2]
610400,咸阳,咸阳市,XianYangShi,108.708837,34.329896,prefecture,61,陕西,True,1,$.data.cityData.provinces.610000.cities[3],$.data.cityData.provinces.610000.cities[3]
610500,渭南,渭南市,WeiNanShi,109.470962,34.520632,prefecture,61,陕西,True,1,$.data.cityData.provinces.610000.cities[4],$.data.cityData.provinces.610000.cities[4]
610600,延安,延安市,YanAnShi,109.49468,36.650109,prefecture,61,陕西,True,1,$.data.cityData.provinces.610000.cities[5],$.data.cityData.provinces.610000.cities[5]
610700,汉中,汉中市,HanZhongShi,107.02319,33.066373,prefecture,61,陕西,True,1,$.data.cityData.provinces.610000.cities[6],$.data.cityData.provinces.610000.cities[6]
610800,榆林,榆林市,YuLinShi,109.734104,38.28576,prefecture,61,陕西,True,1,$.data.cityData.provinces.610000.cities[7],$.data.cityData.provinces.610000.cities[7]
610900,安康,安康市,AnKangShi,109.029017,32.685435,prefecture,61,陕西,True,1,$.data.cityData.provinces.610000.cities[8],$.data.cityData.provinces.610000.cities[8]
611000,商洛,商洛市,ShangLuoShi,109.918646,33.873358,prefecture,61,陕西,True,1,$.data.cityData.provinces.610000.cities[9],$.data.cityData.provinces.610000.cities[9]
620000,甘肃,甘肃省,GanSuSheng,103.826777,36.060634,province,62,甘肃,True,1,$.data.cityData.provinces.620000,$.data.cityData.provinces.620000
620100,兰州,兰州市,LanZhouShi,103.834228,36.060798,prefecture,62,甘肃,True,1,$.data.cityData.provinces.620000.cities[0],$.data.cityData.provinces.620000.cities[0]
620200,嘉峪关,嘉峪关市,JiaYuGuanShi,98.2882,39.77325,prefecture,62,甘肃,True,1,$.data.cityData.provinces.620000.cities[1],$.data.cityData.provinces.620000.cities[1]
620300,金昌,金昌市,JinChangShi,102.187972,38.521468,prefecture,62,甘肃,True,1,$.data.cityData.provinces.620000.cities[2],$.data.cityData.provinces.620000.cities[2]
620400,白银,白银市,BaiYinShi,104.138872,36.545123,prefecture,62,甘肃,True,1,$.data.cityData.provinces.620000.cities[3],$.data.cityData.provinces.620000.cities[3]
620500,天水,天水市,TianShuiShi,105.724828,34.581514,prefecture,62,甘肃,True,1,$.data.cityData.provinces.620000.cities[4],$.data.cityData.provinces.620000.cities[4]
620600,武威,武威市,WuWeiShi,102.637821,37.92898,prefecture,62,甘肃,True,1,$.data.cityData.provinces.620000.cities[5],$.data.cityData.provinces.620000.cities[5]
620700,张掖,张掖市,ZhangYeShi,100.449858,38.924766,prefecture,62,甘肃,True,1,$.data.cityData.provinces.620000.cities[6],$.data.cityData.provinces.620000.cities[6]
620800,平凉,平凉市,PingLiangShi,106.664913,35.542417,prefecture,62,甘肃,True,1,$.data.cityData.provinces.620000.cities[7],$.data.cityData.provinces.620000.cities[7]
620900,酒泉,酒泉市,JiuQuanShi,98.49432,39.733416,prefecture,62,甘肃,True,1,$.data.cityData.provinces.620000.cities[8],$.data.cityData.provinces.620000.cities[8]
621000,庆阳,庆阳市,QingYangShi,107.643433,35.709459,prefecture,62,甘肃,True,1,$.data.cityData.provinces.620000.cities[9],$.data.cityData.provinces.620000.cities[9]
621100,定西,定西市,DingXiShi,104.592342,35.607947,prefecture,62,甘肃,True,1,$.data.cityData.provinces.620000.cities[10],$.data.cityData.provinces.620000.cities[10]
621200,陇南,陇南市,LongNanShi,104.960296,33.370174,prefecture,62,甘肃,True,1,$.data.cityData.provinces.620000.cities[11],$.data.cityData.provinces.620000.cities[11]
622900,临夏回族自治州,临夏回族自治州,LinXia HuiZu ZiZhiZhou,103.210386,35.601792,prefecture,62,甘肃,True,1,$.data.cityData.provinces.620000.cities[12],$.data.cityData.provinces.620000.cities[12]
623000,甘南藏族自治州,甘南藏族自治州,GanNan ZangZu ZiZhiZhou,102.911736,34.983266,prefecture,62,甘肃,True,1,$.data.cityData.provinces.620000.cities[13],$.data.cityData.provinces.620000.cities[13]
630000,青海,青海省,QingHaiSheng,101.780482,36.622538,province,63,,False,1,$.data.cityData.provinces.630000,$.data.cityData.provinces.630000
630100,西宁,西宁市,XiNingShi,101.777795,36.616621,prefecture,63,,False,1,$.data.cityData.provinces.630000.cities[0],$.data.cityData.provinces.630000.cities[0]
630200,海东,海东市,HaiDongShi,102.41064,36.473448,prefecture,63,,False,1,$.data.cityData.provinces.630000.cities[1],$.data.cityData.provinces.630000.cities[1]
632200,海北藏族自治州,海北藏族自治州,HaiBei ZangZu ZiZhiZhou,100.900944,36.954612,prefecture,63,,False,1,$.data.cityData.provinces.630000.cities[2],$.data.cityData.provinces.630000.cities[2]
632300,黄南藏族自治州,黄南藏族自治州,HuangNan ZangZu ZiZhiZhou,102.015397,35.519317,prefecture,63,,False,1,$.data.cityData.provinces.630000.cities[3],$.data.cityData.provinces.630000.cities[3]
632500,海南藏族自治州,海南藏族自治州,HaiNan ZangZu ZiZhiZhou,100.622647,36.296399,prefecture,63,,False,1,$.data.cityData.provinces.630000.cities[4],$.data.cityData.provinces.630000.cities[4]
632600,果洛藏族自治州,果洛藏族自治州,GuoLuo ZangZu ZiZhiZhou,100.245161,34.472179,prefecture,63,,False,1,$.data.cityData.provinces.630000.cities[5],$.data.cityData.provinces.630000.cities[5]
632700,玉树藏族自治州,玉树藏族自治州,YuShu ZangZu ZiZhiZhou,97.006292,33.006308,prefecture,63,,False,1,$.data.cityData.provinces.630000.cities[6],$.data.cityData.provinces.630000.cities[6]
632800,海西蒙古族藏族自治州,海西蒙古族藏族自治州,HaiXi MengGuZu ZangZu ZiZhiZhou,97.33197,37.348114,prefecture,63,,False,1,$.data.cityData.provinces.630000.cities[7],$.data.cityData.provinces.630000.cities[7]
640000,宁夏,宁夏回族自治区,NingXia HuiZu ZiZhiQu,106.258889,38.472273,province,64,宁夏,True,1,$.data.cityData.provinces.640000,$.data.cityData.provinces.640000
640100,银川,银川市,YinChuanShi,106.230977,38.487783,prefecture,64,宁夏,True,1,$.data.cityData.provinces.640000.cities[0],$.data.cityData.provinces.640000.cities[0]
640200,石嘴山,石嘴山市,ShiZuiShanShi,106.382792,38.984632,prefecture,64,宁夏,True,1,$.data.cityData.provinces.640000.cities[1],$.data.cityData.provinces.640000.cities[1]
640300,吴忠,吴忠市,WuZhongShi,106.198613,37.997755,prefecture,64,宁夏,True,1,$.data.cityData.provinces.640000.cities[2],$.data.cityData.provinces.640000.cities[2]
640400,固原,固原市,GuYuanShi,106.24267,36.01628,prefecture,64,宁夏,True,1,$.data.cityData.provinces.640000.cities[3],$.data.cityData.provinces.640000.cities[3]
640500,中卫,中卫市,ZhongWeiShi,105.19677,37.500185,prefecture,64,宁夏,True,1,$.data.cityData.provinces.640000.cities[4],$.data.cityData.provinces.640000.cities[4]
650000,新疆,新疆维吾尔自治区,XinJiang WeiWuEr ZiZhiQu,87.628579,43.793301,province,65,,False,1,$.data.cityData.provinces.650000,$.data.cityData.provinces.650000
650100,乌鲁木齐,乌鲁木齐市,WuLuMuQiShi,87.616824,43.825377,prefecture,65,,False,1,$.data.cityData.provinces.650000.cities[0],$.data.cityData.provinces.650000.cities[0]
650200,克拉玛依,克拉玛依市,KeLaMaYiShi,84.889239,45.577712,prefecture,65,,False,1,$.data.cityData.provinces.650000.cities[1],$.data.cityData.provinces.650000.cities[1]
650400,吐鲁番,吐鲁番市,TuLuFanShi,89.250261,42.972736,prefecture,65,,False,1,$.data.cityData.provinces.650000.cities[2],$.data.cityData.provinces.650000.cities[2]
650500,哈密,哈密市,HaMiShi,93.515053,42.819346,prefecture,65,,False,1,$.data.cityData.provinces.650000.cities[3],$.data.cityData.provinces.650000.cities[3]
652300,昌吉回族自治州,昌吉回族自治州,ChangJi HuiZu ZiZhiZhou,87.308995,44.011044,prefecture,65,,False,1,$.data.cityData.provinces.650000.cities[4],$.data.cityData.provinces.650000.cities[4]
652700,博尔塔拉蒙古自治州,博尔塔拉蒙古自治州,BoErTaLa MengGu ZiZhiZhou,82.066363,44.906039,prefecture,65,,False,1,$.data.cityData.provinces.650000.cities[5],$.data.cityData.provinces.650000.cities[5]
652800,巴音郭楞蒙古自治州,巴音郭楞蒙古自治州,BaYinGuoLeng MengGu ZiZhiZhou,86.145298,41.764115,prefecture,65,,False,1,$.data.cityData.provinces.650000.cities[6],$.data.cityData.provinces.650000.cities[6]
652900,阿克苏,阿克苏地区,AKeSuDiQu,80.265068,41.170712,prefecture,65,,False,1,$.data.cityData.provinces.650000.cities[7],$.data.cityData.provinces.650000.cities[7]
653000,克孜勒苏柯尔克孜自治州,克孜勒苏柯尔克孜自治州,KeZiLeSu KeErKeZi ZiZhiZhou,76.168157,39.716236,prefecture,65,,False,1,$.data.cityData.provinces.650000.cities[8],$.data.cityData.provinces.650000.cities[8]
653100,喀什,喀什地区,KaShiDiQu,75.989746,39.470492,prefecture,65,,False,1,$.data.cityData.provinces.650000.cities[9],$.data.cityData.provinces.650000.cities[9]
653200,和田,和田地区,HeTianDiQu,79.921646,37.114406,prefecture,65,,False,1,$.data.cityData.provinces.650000.cities[10],$.data.cityData.provinces.650000.cities[10]
654000,伊犁哈萨克自治州,伊犁哈萨克自治州,YiLi HaSaKe ZiZhiZhou,81.323691,43.917106,prefecture,65,,False,1,$.data.cityData.provinces.650000.cities[11],$.data.cityData.provinces.650000.cities[11]
654200,塔城,塔城地区,TaChengDiQu,82.980316,46.745364,prefecture,65,,False,1,$.data.cityData.provinces.650000.cities[12],$.data.cityData.provinces.650000.cities[12]
654300,阿勒泰,阿勒泰地区,ALeTaiDiQu,88.141253,47.844924,prefecture,65,,False,1,$.data.cityData.provinces.650000.cities[13],$.data.cityData.provinces.650000.cities[13]
659001,石河子,石河子市,ShiHeZiShi,86.080397,44.305368,county,65,,False,1,$.data.cityData.provinces.650000.cities[14],$.data.cityData.provinces.650000.cities[14]
659002,阿拉尔,阿拉尔市,ALaErShi,81.280532,40.547205,county,65,,False,1,$.data.cityData.provinces.650000.cities[15],$.data.cityData.provinces.650000.cities[15]
659003,图木舒克,图木舒克市,TuMuShuKeShi,79.074965,39.867776,county,65,,False,1,$.data.cityData.provinces.650000.cities[16],$.data.cityData.provinces.650000.cities[16]
659004,五家渠,五家渠市,WuJiaQuShi,87.542852,44.166489,county,65,,False,1,$.data.cityData.provinces.650000.cities[17],$.data.cityData.provinces.650000.cities[17]
710000,台湾,台湾省,TaiwanSheng,121.509062,25.044332,province,71,,False,2,$.data.cityData.provinces.710000,$.data.cityData.provinces.710000 | $.data.cityData.otherCitys[0]
810000,香港,香港特別行政區,XiangGang,114.173355,22.320048,province,81,,False,3,$.data.cityData.hotCitys[18],$.data.cityData.hotCitys[18] | $.data.cityData.provinces.810000 | $.data.cityData.otherCitys[1]
820000,澳门,澳門特別行政區,AoMen,113.54909,22.198951,province,82,,False,3,$.data.cityData.hotCitys[19],$.data.cityData.hotCitys[19] | $.data.cityData.provinces.820000 | $.data.cityData.otherCitys[2]
