source_file	source_sheet	source_row	row_json
2025年10月25日至28日租车 报价单 及大致行程安排20251013.xlsx	请填写预估总费用 大致行程安排	9	"{""45956"": ""45956"", ""大班车（50-55座）"": ""大班车（50-55座）"", ""1"": """", ""麓山名园公交站 (金星路往北方向-麓山名园公交站后方200米)"": ""老百姓大药房总部"", ""步步高广场 (市妇联公交站后方100米)"": ""步步高广场 (市妇联公交站后方100米)"", ""/"": ""/"", ""老百姓大药房总部"": ""麓山名园公交站 (金星路往北方向-麓山名园公交站后方200米)"", ""2+24=26"": ""24+2=26"", ""接送员工上下班上班时间早上9点，下班时间下午18点"": """", ""列13"": """", ""列14"": """"}"
2025年10月25日至28日租车 报价单 及大致行程安排20251013.xlsx	请填写预估总费用 大致行程安排	10	"{""45956"": ""45956"", ""大班车（50-55座）"": ""大班车（50-55座）"", ""1"": ""1"", ""麓山名园公交站 (金星路往北方向-麓山名园公交站后方200米)"": ""恒大雅苑 (开元路出口)"", ""步步高广场 (市妇联公交站后方100米)"": ""湘绣城足球场对面"", ""/"": ""/"", ""老百姓大药房总部"": ""老百姓大药房总部"", ""2+24=26"": ""3+1.5+2.5+14=21"", ""接送员工上下班上班时间早上9点，下班时间下午18点"": ""接送员工上下班上班时间早上9点，下班时间下午18点"", ""列13"": """", ""列14"": """"}"
2025年10月25日至28日租车 报价单 及大致行程安排20251013.xlsx	请填写预估总费用 大致行程安排	11	"{""45956"": ""45956"", ""大班车（50-55座）"": ""大班车（50-55座）"", ""1"": """", ""麓山名园公交站 (金星路往北方向-麓山名园公交站后方200米)"": ""老百姓大药房总部"", ""步步高广场 (市妇联公交站后方100米)"": ""湖南工程职业技术学院"", ""/"": ""/"", ""老百姓大药房总部"": ""恒大雅苑 (开元路出口)"", ""2+24=26"": ""14+2.5+1.5+3=21"", ""接送员工上下班上班时间早上9点，下班时间下午18点"": """", ""列13"": """", ""列14"": """"}"
2025年10月25日至28日租车 报价单 及大致行程安排20251013.xlsx	请填写预估总费用 大致行程安排	12	"{""45956"": ""45957"", ""大班车（50-55座）"": ""大班车（50-55座）"", ""1"": ""1"", ""麓山名园公交站 (金星路往北方向-麓山名园公交站后方200米)"": ""长沙北城戴斯温德姆酒店"", ""步步高广场 (市妇联公交站后方100米)"": ""老百姓大药房总部"", ""/"": ""老百姓大药房总部"", ""老百姓大药房总部"": ""长沙北城戴斯温德姆酒店"", ""2+24=26"": ""2+2+36+3+34+2=79"", ""接送员工上下班上班时间早上9点，下班时间下午18点"": """", ""列13"": """", ""列14"": """"}"
2025年10月25日至28日租车 报价单 及大致行程安排20251013.xlsx	请填写预估总费用 大致行程安排	13	"{""45956"": ""45957"", ""大班车（50-55座）"": ""大班车（50-55座）"", ""1"": ""1"", ""麓山名园公交站 (金星路往北方向-麓山名园公交站后方200米)"": ""维也纳国际酒店(长沙湘江北路金霞地铁站店)"", ""步步高广场 (市妇联公交站后方100米)"": ""老百姓大药房总部"", ""/"": ""老百姓大药房总部"", ""老百姓大药房总部"": ""维也纳国际酒店(长沙湘江北路金霞地铁站店)"", ""2+24=26"": ""8+8+30+3+34+8=91"", ""接送员工上下班上班时间早上9点，下班时间下午18点"": """", ""列13"": """", ""列14"": """"}"
2025年10月25日至28日租车 报价单 及大致行程安排20251013.xlsx	请填写预估总费用 大致行程安排	14	"{""45956"": ""45958"", ""大班车（50-55座）"": ""大班车（50-55座）"", ""1"": ""1"", ""麓山名园公交站 (金星路往北方向-麓山名园公交站后方200米)"": ""老百姓大药房总部"", ""步步高广场 (市妇联公交站后方100米)"": ""/"", ""/"": ""/"", ""老百姓大药房总部"": ""黄花机场T1"", ""2+24=26"": ""39"", ""接送员工上下班上班时间早上9点，下班时间下午18点"": """", ""列13"": """", ""列14"": """"}"
2025年10月25日至28日租车 报价单 及大致行程安排20251013.xlsx	请填写预估总费用 大致行程安排	15	"{""45956"": ""45958"", ""大班车（50-55座）"": ""大班车（50-55座）"", ""1"": ""1"", ""麓山名园公交站 (金星路往北方向-麓山名园公交站后方200米)"": ""老百姓大药房总部"", ""步步高广场 (市妇联公交站后方100米)"": ""/"", ""/"": ""/"", ""老百姓大药房总部"": ""长沙南站"", ""2+24=26"": ""30"", ""接送员工上下班上班时间早上9点，下班时间下午18点"": """", ""列13"": """", ""列14"": """"}"
2025年10月25日至28日租车 报价单 及大致行程安排20251013.xlsx	请填写预估总费用 大致行程安排	16	"{""45956"": ""45958"", ""大班车（50-55座）"": ""别克商务车（7座）"", ""1"": ""1"", ""麓山名园公交站 (金星路往北方向-麓山名园公交站后方200米)"": ""老百姓大药房总部"", ""步步高广场 (市妇联公交站后方100米)"": ""/"", ""/"": ""/"", ""老百姓大药房总部"": ""黄花机场T1"", ""2+24=26"": ""39"", ""接送员工上下班上班时间早上9点，下班时间下午18点"": """", ""列13"": """", ""列14"": """"}"
2025年10月25日至28日租车 报价单 及大致行程安排20251013.xlsx	请填写预估总费用 大致行程安排	17	"{""45956"": ""45958"", ""大班车（50-55座）"": ""别克商务车（7座）"", ""1"": ""1"", ""麓山名园公交站 (金星路往北方向-麓山名园公交站后方200米)"": ""老百姓大药房总部"", ""步步高广场 (市妇联公交站后方100米)"": ""/"", ""/"": ""/"", ""老百姓大药房总部"": ""长沙南站"", ""2+24=26"": ""30"", ""接送员工上下班上班时间早上9点，下班时间下午18点"": """", ""列13"": """", ""列14"": """"}"
2025年10月25日至28日租车 报价单 及大致行程安排20251013.xlsx	请填写预估总费用 大致行程安排	18	"{""45956"": ""预估总费用（元）实际结算按最终发生公里数、天数结算"", ""大班车（50-55座）"": """", ""1"": """", ""麓山名园公交站 (金星路往北方向-麓山名园公交站后方200米)"": """", ""步步高广场 (市妇联公交站后方100米)"": """", ""/"": """", ""老百姓大药房总部"": """", ""2+24=26"": """", ""接送员工上下班上班时间早上9点，下班时间下午18点"": """", ""列13"": """", ""列14"": """"}"
RDC及地址.xlsx	Sheet1	8	"{""列1"": ""新东战区"", ""山东"": ""浙江"", ""DC"": ""DC"", ""山东省济南市长清区平安街道办事处富美路669号5老百姓大药房配送中心"": ""浙江省杭州市萧山经济开发区鸿达路299号""}"
RDC及地址.xlsx	Sheet1	9	"{""列1"": """", ""山东"": ""上海"", ""DC"": ""DC"", ""山东省济南市长清区平安街道办事处富美路669号5老百姓大药房配送中心"": ""上海市嘉定区江桥镇华江路726弄62号2楼202室""}"
RDC及地址.xlsx	Sheet1	10	"{""列1"": """", ""山东"": ""广东"", ""DC"": ""DC"", ""山东省济南市长清区平安街道办事处富美路669号5老百姓大药房配送中心"": ""广东省广州市白云区钟落潭镇钟华路27号""}"
RDC及地址.xlsx	Sheet1	11	"{""列1"": ""苏南战区"", ""山东"": ""江苏"", ""DC"": ""DC"", ""山东省济南市长清区平安街道办事处富美路669号5老百姓大药房配送中心"": ""江苏省常州市新北区吕汤路6号嘉民物流中心B16号""}"
RDC及地址.xlsx	Sheet1	12	"{""列1"": """", ""山东"": ""江苏"", ""DC"": ""DC"", ""山东省济南市长清区平安街道办事处富美路669号5老百姓大药房配送中心"": ""江苏省昆山市玉山镇汉浦路868号 江苏百佳惠苏禾大药房""}"
RDC及地址.xlsx	Sheet1	13	"{""列1"": """", ""山东"": ""江苏"", ""DC"": ""DC"", ""山东省济南市长清区平安街道办事处富美路669号5老百姓大药房配送中心"": ""南京市江宁区秣陵街道殷华街476号（委托江苏九州通医药有限公司存储、配送）25号门""}"
RDC及地址.xlsx	Sheet1	14	"{""列1"": """", ""山东"": ""江苏"", ""DC"": ""DC"", ""山东省济南市长清区平安街道办事处富美路669号5老百姓大药房配送中心"": ""江苏省无锡市梁溪区金山北四支路11号3号楼""}"
RDC及地址.xlsx	Sheet1	15	"{""列1"": """", ""山东"": ""江苏"", ""DC"": ""DC"", ""山东省济南市长清区平安街道办事处富美路669号5老百姓大药房配送中心"": ""江苏省泰兴市城北路132号""}"
RDC及地址.xlsx	Sheet1	16	"{""列1"": """", ""山东"": ""江苏"", ""DC"": ""DC"", ""山东省济南市长清区平安街道办事处富美路669号5老百姓大药房配送中心"": ""江苏省镇江扬中市宜禾路126号""}"
RDC及地址.xlsx	Sheet1	17	"{""列1"": ""陕西战区"", ""山东"": ""陕西"", ""DC"": ""RDC"", ""山东省济南市长清区平安街道办事处富美路669号5老百姓大药房配送中心"": ""陕西省西安市西咸新区镐京大道与211国道交叉口东160米""}"
RDC及地址.xlsx	Sheet1	18	"{""列1"": ""扬州战区"", ""山东"": ""江苏"", ""DC"": ""RDC"", ""山东省济南市长清区平安街道办事处富美路669号5老百姓大药房配送中心"": ""江苏省扬州高新技术产业开发区六家路1号""}"
RDC及地址.xlsx	Sheet1	19	"{""列1"": ""赤峰战区"", ""山东"": ""内蒙古"", ""DC"": ""DC"", ""山东省济南市长清区平安街道办事处富美路669号5老百姓大药房配送中心"": ""内蒙古赤峰市喀喇沁旗和美工贸园区蒙东物流18号口""}"
RDC及地址.xlsx	Sheet1	20	"{""列1"": ""通辽战区"", ""山东"": ""内蒙古"", ""DC"": ""DC"", ""山东省济南市长清区平安街道办事处富美路669号5老百姓大药房配送中心"": ""通辽市开发区创业大道以西辽河大街以北""}"
RDC及地址.xlsx	Sheet1	21	"{""列1"": ""临沂战区"", ""山东"": ""山东"", ""DC"": ""DC"", ""山东省济南市长清区平安街道办事处富美路669号5老百姓大药房配送中心"": ""山东省临沂市河东区空港大街与临空路交汇处仁德配送中心""}"
RDC及地址.xlsx	Sheet1	22	"{""列1"": """", ""山东"": ""临沂"", ""DC"": ""DC"", ""山东省济南市长清区平安街道办事处富美路669号5老百姓大药房配送中心"": ""山东省临沂市沂水县丰泰路保税区中轻产业园北区11号楼南门""}"
RDC及地址.xlsx	Sheet1	23	"{""列1"": ""江阴战区"", ""山东"": ""江苏"", ""DC"": ""DC"", ""山东省济南市长清区平安街道办事处富美路669号5老百姓大药房配送中心"": ""江苏省江阴市云亭街道小吴巷路12-5号""}"
RDC及地址.xlsx	Sheet1	24	"{""列1"": ""湘西战区"", ""山东"": ""湖南"", ""DC"": ""DC"", ""山东省济南市长清区平安街道办事处富美路669号5老百姓大药房配送中心"": ""湖南省怀化市鹤城区鸭嘴岩池回高速收费站怀仁健康产业园""}"
RDC及地址.xlsx	Sheet1	25	"{""列1"": ""南通战区"", ""山东"": ""江苏"", ""DC"": ""DC"", ""山东省济南市长清区平安街道办事处富美路669号5老百姓大药房配送中心"": ""江苏省南通市海安市高新区北城街道铭豪路2号（普泽电商园）""}"
RDC及地址.xlsx	Sheet1	26	"{""列1"": ""甘宁战区"", ""山东"": ""甘肃"", ""DC"": ""DC"", ""山东省济南市长清区平安街道办事处富美路669号5老百姓大药房配送中心"": ""甘肃省兰州市兰州新区黄河大道西段（街）5505号""}"
RDC及地址.xlsx	Sheet1	27	"{""列1"": ""运城战区"", ""山东"": ""山西"", ""DC"": ""DC"", ""山东省济南市长清区平安街道办事处富美路669号5老百姓大药房配送中心"": ""山西省运城市盐湖区空港南区柏园东街北侧""}"
RDC及地址.xlsx	Sheet1	28	"{""列1"": ""湖南公司"", ""山东"": ""湖南"", ""DC"": ""RDC"", ""山东省济南市长清区平安街道办事处富美路669号5老百姓大药房配送中心"": ""湖南省长沙市开福区青竹湖808号""}"
报价单 2026年4月老百姓集团采购流水式粉碎机48台.xlsx	报价单	9	"{""送货地点：涉及湖南、湖北、江苏48家门店，每家门店一台，具体地址详见本文件的子表格。"": ""交货期：指从下单至到货的时间，包含物流时间。请报价供方自行填写在表格内，本次需求较急，货期会作为选择因素。"", ""列2"": """", ""列3"": """", ""列4"": """", ""列5"": """", ""列6"": """", ""列7"": """", ""列8"": """", ""列9"": """", ""列10"": """"}"
报价单 2026年4月老百姓集团采购流水式粉碎机48台.xlsx	报价单	10	"{""送货地点：涉及湖南、湖北、江苏48家门店，每家门店一台，具体地址详见本文件的子表格。"": ""质保期（自甲方验收合格之日起算）：2年。质保期内：电机损坏，免费换新；损耗类配件（刀片、碳刷、保险）出现故障可集中维修或视频指导维修，以上2种方式无法维修的，由乙方上门维修或将设备快递至乙方，维修过程产生的所有费用由乙方承担。"", ""列2"": """", ""列3"": """", ""列4"": """", ""列5"": """", ""列6"": """", ""列7"": """", ""列8"": """", ""列9"": """", ""列10"": """"}"
报价单 2026年4月老百姓集团采购流水式粉碎机48台.xlsx	报价单	11	"{""送货地点：涉及湖南、湖北、江苏48家门店，每家门店一台，具体地址详见本文件的子表格。"": ""安装:视频指导及远程指导安装。"", ""列2"": """", ""列3"": """", ""列4"": """", ""列5"": """", ""列6"": """", ""列7"": """", ""列8"": """", ""列9"": """", ""列10"": """"}"
报价单 2026年4月老百姓集团采购流水式粉碎机48台.xlsx	报价单	12	"{""送货地点：涉及湖南、湖北、江苏48家门店，每家门店一台，具体地址详见本文件的子表格。"": ""产品参数要求：流水式粉碎机；产量（3-20kg/h）、电压（220V)、额定功率2500W、主轴转数2840 r/min、机器重量(26kg)、粉碎细度30-200 目。标品所含辅材配件：布袋、筛片、过载保护器、扳手、毛刷、夹子。尺寸：580*245*350。"", ""列2"": """", ""列3"": """", ""列4"": """", ""列5"": """", ""列6"": """", ""列7"": """", ""列8"": """", ""列9"": """", ""列10"": """"}"
报价单 2026年4月老百姓集团采购流水式粉碎机48台.xlsx	报价单	13	"{""送货地点：涉及湖南、湖北、江苏48家门店，每家门店一台，具体地址详见本文件的子表格。"": ""序号"", ""列2"": ""品类"", ""列3"": ""品牌"", ""列4"": ""型号"", ""列5"": ""参数（根据产品实际填写）"", ""列6"": ""尺寸规格（mm）"", ""列7"": ""单价（元）"", ""列8"": ""数量（台）"", ""列9"": ""合计（元）"", ""列10"": ""标品所含辅材配件（根据产品实际填写）""}"
报价单 2026年4月老百姓集团采购流水式粉碎机48台.xlsx	报价单	14	"{""送货地点：涉及湖南、湖北、江苏48家门店，每家门店一台，具体地址详见本文件的子表格。"": ""1"", ""列2"": ""流水式打粉机"", ""列3"": """", ""列4"": """", ""列5"": ""流水式粉碎机；产量（kg/h）、电压（V)、额定功率、主轴转数 r/min、机器重量(kg)、粉碎细度 目"", ""列6"": """", ""列7"": """", ""列8"": ""48"", ""列9"": """", ""列10"": """"}"
报价单 2026年4月老百姓集团采购流水式粉碎机48台.xlsx	报价单	15	"{""送货地点：涉及湖南、湖北、江苏48家门店，每家门店一台，具体地址详见本文件的子表格。"": ""备注：以上报价含税，含运费，开具增值税 （请供应商填写普通或专用）发票，税率为 %。"", ""列2"": """", ""列3"": """", ""列4"": """", ""列5"": """", ""列6"": """", ""列7"": """", ""列8"": """", ""列9"": """", ""列10"": """"}"
报价单 2026年4月老百姓集团采购流水式粉碎机48台.xlsx	报价单	16	"{""送货地点：涉及湖南、湖北、江苏48家门店，每家门店一台，具体地址详见本文件的子表格。"": ""保外维修配件报价表："", ""列2"": """", ""列3"": """", ""列4"": """", ""列5"": """", ""列6"": """", ""列7"": """", ""列8"": """", ""列9"": """", ""列10"": """"}"
报价单 2026年4月老百姓集团采购流水式粉碎机48台.xlsx	报价单	17	"{""送货地点：涉及湖南、湖北、江苏48家门店，每家门店一台，具体地址详见本文件的子表格。"": ""序号"", ""列2"": ""产品名称"", ""列3"": ""配件名称"", ""列4"": ""单位"", ""列5"": ""单价（元）"", ""列6"": ""备注"", ""列7"": """", ""列8"": """", ""列9"": """", ""列10"": """"}"
报价单 2026年4月老百姓集团采购流水式粉碎机48台.xlsx	报价单	18	"{""送货地点：涉及湖南、湖北、江苏48家门店，每家门店一台，具体地址详见本文件的子表格。"": ""1"", ""列2"": ""打粉机"", ""列3"": ""锤子"", ""列4"": ""个"", ""列5"": """", ""列6"": """", ""列7"": """", ""列8"": """", ""列9"": """", ""列10"": """"}"
报价单 2026年4月老百姓集团采购流水式粉碎机48台.xlsx	报价单	19	"{""送货地点：涉及湖南、湖北、江苏48家门店，每家门店一台，具体地址详见本文件的子表格。"": ""2"", ""列2"": """", ""列3"": ""筛网"", ""列4"": ""片"", ""列5"": """", ""列6"": """", ""列7"": """", ""列8"": """", ""列9"": """", ""列10"": """"}"
报价单 2026年4月老百姓集团采购流水式粉碎机48台.xlsx	报价单	20	"{""送货地点：涉及湖南、湖北、江苏48家门店，每家门店一台，具体地址详见本文件的子表格。"": ""3"", ""列2"": """", ""列3"": ""磨牙"", ""列4"": ""套"", ""列5"": """", ""列6"": """", ""列7"": """", ""列8"": """", ""列9"": """", ""列10"": """"}"
报价单 2026年4月老百姓集团采购流水式粉碎机48台.xlsx	报价单	21	"{""送货地点：涉及湖南、湖北、江苏48家门店，每家门店一台，具体地址详见本文件的子表格。"": ""4"", ""列2"": """", ""列3"": ""过载保护器"", ""列4"": ""个"", ""列5"": """", ""列6"": """", ""列7"": """", ""列8"": """", ""列9"": """", ""列10"": """"}"
报价单 2026年4月老百姓集团采购流水式粉碎机48台.xlsx	报价单	22	"{""送货地点：涉及湖南、湖北、江苏48家门店，每家门店一台，具体地址详见本文件的子表格。"": ""5"", ""列2"": """", ""列3"": ""布袋"", ""列4"": ""个"", ""列5"": """", ""列6"": """", ""列7"": """", ""列8"": """", ""列9"": """", ""列10"": """"}"
报价单 2026年4月老百姓集团采购流水式粉碎机48台.xlsx	报价单	23	"{""送货地点：涉及湖南、湖北、江苏48家门店，每家门店一台，具体地址详见本文件的子表格。"": ""6"", ""列2"": """", ""列3"": ""电流表"", ""列4"": ""个"", ""列5"": """", ""列6"": """", ""列7"": """", ""列8"": """", ""列9"": """", ""列10"": """"}"
报价单 2026年4月老百姓集团采购流水式粉碎机48台.xlsx	报价单	24	"{""送货地点：涉及湖南、湖北、江苏48家门店，每家门店一台，具体地址详见本文件的子表格。"": ""7"", ""列2"": """", ""列3"": ""纽子开关"", ""列4"": ""个"", ""列5"": """", ""列6"": """", ""列7"": """", ""列8"": """", ""列9"": """", ""列10"": """"}"
报价单 2026年4月老百姓集团采购流水式粉碎机48台.xlsx	报价单	25	"{""送货地点：涉及湖南、湖北、江苏48家门店，每家门店一台，具体地址详见本文件的子表格。"": ""8"", ""列2"": """", ""列3"": ""电容"", ""列4"": ""个"", ""列5"": """", ""列6"": """", ""列7"": """", ""列8"": """", ""列9"": """", ""列10"": """"}"
报价单 2026年4月老百姓集团采购流水式粉碎机48台.xlsx	报价单	26	"{""送货地点：涉及湖南、湖北、江苏48家门店，每家门店一台，具体地址详见本文件的子表格。"": ""9"", ""列2"": """", ""列3"": ""行程开关"", ""列4"": ""个"", ""列5"": """", ""列6"": """", ""列7"": """", ""列8"": """", ""列9"": """", ""列10"": """"}"
报价单 2026年4月老百姓集团采购流水式粉碎机48台.xlsx	报价单	27	"{""送货地点：涉及湖南、湖北、江苏48家门店，每家门店一台，具体地址详见本文件的子表格。"": ""10"", ""列2"": ""其他"", ""列3"": ""寄过来的快递费由门店支付,寄回门店的快递费由厂家支付。正常简单的换损耗类的配件有视频演示。如有特殊配件损坏,费用另算。"", ""列4"": """", ""列5"": """", ""列6"": """", ""列7"": """", ""列8"": """", ""列9"": """", ""列10"": """"}"
报价单 2026年4月老百姓集团采购流水式粉碎机48台.xlsx	报价单	28	"{""送货地点：涉及湖南、湖北、江苏48家门店，每家门店一台，具体地址详见本文件的子表格。"": ""以上报价含税，含运费，开具增值税 （请供应商填写普通或专用）发票，税率为 %。"", ""列2"": """", ""列3"": """", ""列4"": """", ""列5"": """", ""列6"": """", ""列7"": """", ""列8"": """", ""列9"": """", ""列10"": """"}"
报价单 2026年4月老百姓集团采购流水式粉碎机48台.xlsx	送货地址	2	"{""序号"": ""1"", ""打粉机主配门店"": ""怀仁公司张家界杏林堂店"", ""打粉机主配数量（台）"": ""1"", ""配送地址"": ""湖南省张家界市永定区古庸路人民医院对面老百姓大药房""}"
报价单 2026年4月老百姓集团采购流水式粉碎机48台.xlsx	送货地址	3	"{""序号"": ""2"", ""打粉机主配门店"": ""怀仁公司龙山新建路店"", ""打粉机主配数量（台）"": ""1"", ""配送地址"": ""湖南省湘西土家族苗族自治州龙山县民安街道新建路48-13号途窝皇庭酒店老百姓大药房(龙山汽车站店)""}"
报价单 2026年4月老百姓集团采购流水式粉碎机48台.xlsx	送货地址	4	"{""序号"": ""3"", ""打粉机主配门店"": ""怀仁公司花垣西门口店"", ""打粉机主配数量（台）"": ""1"", ""配送地址"": ""湖南省湘西自治州花垣县老百姓大药房西门口店（农贸市场对面）""}"
报价单 2026年4月老百姓集团采购流水式粉碎机48台.xlsx	送货地址	5	"{""序号"": ""4"", ""打粉机主配门店"": ""怀仁公司永顺崇胜店"", ""打粉机主配数量（台）"": ""1"", ""配送地址"": ""湖南省湘西土家族苗族自治州永顺县灵溪镇府正街府正家园一区105、106门面老百姓大药房""}"
报价单 2026年4月老百姓集团采购流水式粉碎机48台.xlsx	送货地址	6	"{""序号"": ""5"", ""打粉机主配门店"": ""怀仁公司凤凰虹桥路店"", ""打粉机主配数量（台）"": ""1"", ""配送地址"": ""湖南省湘西土家族苗族自治州凤凰县沱江镇虹桥西路田芳麻辣烫隔壁老百姓大药房""}"
报价单 2026年4月老百姓集团采购流水式粉碎机48台.xlsx	送货地址	7	"{""序号"": ""6"", ""打粉机主配门店"": ""怀仁公司保靖迁陵南路店"", ""打粉机主配数量（台）"": ""1"", ""配送地址"": ""湖南省湘西土家族苗族自治州保靖县迁陵南路168号中国农业银行(保靖县支行)旁边老百姓大药房""}"
报价单 2026年4月老百姓集团采购流水式粉碎机48台.xlsx	送货地址	8	"{""序号"": ""7"", ""打粉机主配门店"": ""湖南公司邵阳宝庆春天中心医院店"", ""打粉机主配数量（台）"": ""1"", ""配送地址"": ""湖南省邵阳市大祥区红旗路松坡图书馆对面老百姓大药房""}"
报价单 2026年4月老百姓集团采购流水式粉碎机48台.xlsx	送货地址	9	"{""序号"": ""8"", ""打粉机主配门店"": ""怀仁公司邵阳江南世家店"", ""打粉机主配数量（台）"": ""1"", ""配送地址"": ""湖南省邵阳市大祥区江南世家东门老百姓大药房""}"
报价单 2026年4月老百姓集团采购流水式粉碎机48台.xlsx	送货地址	10	"{""序号"": ""9"", ""打粉机主配门店"": ""湖南公司邵阳得丰市场店"", ""打粉机主配数量（台）"": ""1"", ""配送地址"": ""湖南省邵阳市双清区双坡南路星辰电竞旁老百姓大药房""}"
报价单 2026年4月老百姓集团采购流水式粉碎机48台.xlsx	送货地址	11	"{""序号"": ""10"", ""打粉机主配门店"": ""湖南公司邵阳县五峰铺大众超市店"", ""打粉机主配数量（台）"": ""1"", ""配送地址"": ""湖南省邵阳市邵阳县五峰铺镇田心路老百姓大药房""}"
报价单 2026年4月老百姓集团采购流水式粉碎机48台.xlsx	送货地址	12	"{""序号"": ""11"", ""打粉机主配门店"": ""怀仁公司新邵江南路店"", ""打粉机主配数量（台）"": ""1"", ""配送地址"": ""湖南省邵阳市新邵县酿溪镇大坪江南路江南雅苑老百姓大药房""}"
报价单 2026年4月老百姓集团采购流水式粉碎机48台.xlsx	送货地址	13	"{""序号"": ""12"", ""打粉机主配门店"": ""湖南公司邵东衡宝路分店"", ""打粉机主配数量（台）"": ""1"", ""配送地址"": ""湖南省邵阳市邵东市大汉步行街老百姓大药房""}"
报价单 2026年4月老百姓集团采购流水式粉碎机48台.xlsx	送货地址	14	"{""序号"": ""13"", ""打粉机主配门店"": ""怀仁公司洞口大正街店"", ""打粉机主配数量（台）"": ""1"", ""配送地址"": ""湖南省邵阳市洞口县好又多斜对面老百姓大药房""}"
报价单 2026年4月老百姓集团采购流水式粉碎机48台.xlsx	送货地址	15	"{""序号"": ""14"", ""打粉机主配门店"": ""怀仁公司新宁富丽城店"", ""打粉机主配数量（台）"": ""1"", ""配送地址"": ""湖南省邵阳市新宁县宏锦嘉苑2楼家感新厨对面老百姓大药房""}"
报价单 2026年4月老百姓集团采购流水式粉碎机48台.xlsx	送货地址	16	"{""序号"": ""15"", ""打粉机主配门店"": ""怀仁公司新宁解放路店"", ""打粉机主配数量（台）"": ""1"", ""配送地址"": ""湖南省邵阳市新宁县金石镇解放路36号老百姓大药房""}"
报价单 2026年4月老百姓集团采购流水式粉碎机48台.xlsx	送货地址	17	"{""序号"": ""16"", ""打粉机主配门店"": ""怀仁公司新宁观瀑店"", ""打粉机主配数量（台）"": ""1"", ""配送地址"": ""湖南省邵阳市新宁县解放北路春风小区东南侧约130米老百姓大药房""}"
报价单 2026年4月老百姓集团采购流水式粉碎机48台.xlsx	送货地址	18	"{""序号"": ""17"", ""打粉机主配门店"": ""怀仁公司新宁水头店"", ""打粉机主配数量（台）"": ""1"", ""配送地址"": ""湖南省邵阳市新宁县金石镇扶夷村五组(扶夷诊所隔壁,水头平价超市马路对面往南20米)老百姓大药房""}"
报价单 2026年4月老百姓集团采购流水式粉碎机48台.xlsx	送货地址	19	"{""序号"": ""18"", ""打粉机主配门店"": ""怀仁公司紫东路店"", ""打粉机主配数量（台）"": ""1"", ""配送地址"": ""湖南省怀化市鹤城区大汉龙城一期正大门怀仁大药房""}"
报价单 2026年4月老百姓集团采购流水式粉碎机48台.xlsx	送货地址	20	"{""序号"": ""19"", ""打粉机主配门店"": ""怀仁公司怀铁旗舰店"", ""打粉机主配数量（台）"": ""1"", ""配送地址"": ""湖南省怀化市鹤城区怀北路402号怀仁大药房(怀铁旗舰店分店)""}"
报价单 2026年4月老百姓集团采购流水式粉碎机48台.xlsx	送货地址	21	"{""序号"": ""20"", ""打粉机主配门店"": ""怀仁公司锦绣五溪店"", ""打粉机主配数量（台）"": ""1"", ""配送地址"": ""湖南省怀化市鹤城区锦溪南路与天星东路交汇处1栋1栋434号怀仁大药房(锦绣五溪店)""}"
报价单 2026年4月老百姓集团采购流水式粉碎机48台.xlsx	送货地址	22	"{""序号"": ""21"", ""打粉机主配门店"": ""怀仁公司教师新苑店"", ""打粉机主配数量（台）"": ""1"", ""配送地址"": ""湖南省怀化市鹤城区教师新苑公交站教师新苑公交站怀仁大药房""}"
报价单 2026年4月老百姓集团采购流水式粉碎机48台.xlsx	送货地址	23	"{""序号"": ""22"", ""打粉机主配门店"": ""怀仁公司中心市场店"", ""打粉机主配数量（台）"": ""1"", ""配送地址"": ""湖南省怀化市鹤城区人民南路128号怀化中心市场怀仁大药房""}"
报价单 2026年4月老百姓集团采购流水式粉碎机48台.xlsx	送货地址	24	"{""序号"": ""23"", ""打粉机主配门店"": ""怀仁公司通道中心店"", ""打粉机主配数量（台）"": ""1"", ""配送地址"": ""湖南省怀化市通道县老药材公司老百姓大药房""}"
报价单 2026年4月老百姓集团采购流水式粉碎机48台.xlsx	送货地址	25	"{""序号"": ""24"", ""打粉机主配门店"": ""怀仁公司靖州梅林路店"", ""打粉机主配数量（台）"": ""1"", ""配送地址"": ""湖南省怀化市靖州县梅林路财政局旁老百姓大药房""}"
报价单 2026年4月老百姓集团采购流水式粉碎机48台.xlsx	送货地址	26	"{""序号"": ""25"", ""打粉机主配门店"": ""怀仁公司安江天诚稻乡路店"", ""打粉机主配数量（台）"": ""1"", ""配送地址"": ""湖南省怀化市洪江市汽车站斜对面老百姓大药房(稻乡路店)""}"
报价单 2026年4月老百姓集团采购流水式粉碎机48台.xlsx	送货地址	27	"{""序号"": ""26"", ""打粉机主配门店"": ""怀仁公司会同李园路店"", ""打粉机主配数量（台）"": ""1"", ""配送地址"": ""湖南省怀化市会同县林城镇名品广场老百姓大药房""}"
报价单 2026年4月老百姓集团采购流水式粉碎机48台.xlsx	送货地址	28	"{""序号"": ""27"", ""打粉机主配门店"": ""怀仁公司溆浦城中市场店"", ""打粉机主配数量（台）"": ""1"", ""配送地址"": ""湖南省怀化市溆浦县城中市场老百姓大药房（火狐狸服装批发市场旁）""}"
报价单 2026年4月老百姓集团采购流水式粉碎机48台.xlsx	送货地址	29	"{""序号"": ""28"", ""打粉机主配门店"": ""怀仁公司辰溪东星店"", ""打粉机主配数量（台）"": ""1"", ""配送地址"": ""湖南省怀化市辰溪县辰州北路191号天天按摩沐足(辰州北路店)""}"
报价单 2026年4月老百姓集团采购流水式粉碎机48台.xlsx	送货地址	30	"{""序号"": ""29"", ""打粉机主配门店"": ""怀仁公司沅陵辰州中街店"", ""打粉机主配数量（台）"": ""1"", ""配送地址"": ""湖南省怀化市沅陵县辰州中街老百姓大药房（老百货公司门面）""}"
报价单 2026年4月老百姓集团采购流水式粉碎机48台.xlsx	送货地址	31	"{""序号"": ""30"", ""打粉机主配门店"": ""怀仁公司溆浦店"", ""打粉机主配数量（台）"": ""1"", ""配送地址"": ""湖南省怀化市溆浦县卢峰镇三角坪老百姓大药房""}"
报价单 2026年4月老百姓集团采购流水式粉碎机48台.xlsx	送货地址	32	"{""序号"": ""31"", ""打粉机主配门店"": ""湖北公司水果湖店"", ""打粉机主配数量（台）"": ""1"", ""配送地址"": ""湖北省武汉市武昌区水果湖附近（老百姓大药房水果湖店）""}"
报价单 2026年4月老百姓集团采购流水式粉碎机48台.xlsx	送货地址	33	"{""序号"": ""32"", ""打粉机主配门店"": ""湖北公司武汉新安小区店"", ""打粉机主配数量（台）"": ""1"", ""配送地址"": ""湖北省武汉市青山区冶金街道104街坊新安小区2栋1层 22-23号""}"
报价单 2026年4月老百姓集团采购流水式粉碎机48台.xlsx	送货地址	34	"{""序号"": ""33"", ""打粉机主配门店"": ""湖北公司武汉沌口金色港湾店"", ""打粉机主配数量（台）"": ""1"", ""配送地址"": ""湖北省武汉市蔡甸区沌阳街道龙阳大道236号金色港湾法国街27-127-2号商铺""}"
报价单 2026年4月老百姓集团采购流水式粉碎机48台.xlsx	送货地址	35	"{""序号"": ""34"", ""打粉机主配门店"": ""湖南公司益阳沅江庆云山店"", ""打粉机主配数量（台）"": ""1"", ""配送地址"": ""湖南省益阳市沅江庆云山老百姓大药房(检察院对面)""}"
报价单 2026年4月老百姓集团采购流水式粉碎机48台.xlsx	送货地址	36	"{""序号"": ""35"", ""打粉机主配门店"": ""湖南公司益阳北站店"", ""打粉机主配数量（台）"": ""1"", ""配送地址"": ""湖南省益阳市资阳区马良南路2号华信酒店对面老百姓大药房北站店""}"
报价单 2026年4月老百姓集团采购流水式粉碎机48台.xlsx	送货地址	37	"{""序号"": ""36"", ""打粉机主配门店"": ""湖南公司常德北站店"", ""打粉机主配数量（台）"": ""1"", ""配送地址"": ""湖南省常德市武陵区朝阳路东晟文化公馆2号楼106老百姓大药房北站店""}"
报价单 2026年4月老百姓集团采购流水式粉碎机48台.xlsx	送货地址	38	"{""序号"": ""37"", ""打粉机主配门店"": ""湖南公司常德白马湖店"", ""打粉机主配数量（台）"": ""1"", ""配送地址"": ""湖南省常德市武陵区龙港路金城苑老百姓大药房""}"
报价单 2026年4月老百姓集团采购流水式粉碎机48台.xlsx	送货地址	39	"{""序号"": ""38"", ""打粉机主配门店"": ""湖南公司株洲世贸广场店"", ""打粉机主配数量（台）"": ""1"", ""配送地址"": ""湖南省株洲市荷塘区新华西路736号老百姓大药房世贸广场店""}"
报价单 2026年4月老百姓集团采购流水式粉碎机48台.xlsx	送货地址	40	"{""序号"": ""39"", ""打粉机主配门店"": ""湖南公司株洲杏林学林雅苑店"", ""打粉机主配数量（台）"": ""1"", ""配送地址"": ""湖南省株洲市天元区珠江南路533号老百姓大药房学林雅苑店""}"
报价单 2026年4月老百姓集团采购流水式粉碎机48台.xlsx	送货地址	41	"{""序号"": ""40"", ""打粉机主配门店"": ""衡阳公司云集店"", ""打粉机主配数量（台）"": ""1"", ""配送地址"": ""湖南省衡阳市衡南县云集街道清园路(黎托农贸市场B栋)107,108室老百姓大药房(云集店)""}"
报价单 2026年4月老百姓集团采购流水式粉碎机48台.xlsx	送货地址	42	"{""序号"": ""41"", ""打粉机主配门店"": ""衡阳公司水岸新城店"", ""打粉机主配数量（台）"": ""1"", ""配送地址"": ""湖南省衡阳市蒸湘区蒸水大道48号香江水岸新城六期30B103、104室老百姓大药房""}"
报价单 2026年4月老百姓集团采购流水式粉碎机48台.xlsx	送货地址	43	"{""序号"": ""42"", ""打粉机主配门店"": ""新千秋大药房金中店"", ""打粉机主配数量（台）"": ""1"", ""配送地址"": ""江苏省常州市金坛区县府路2号金坛新天地B区（中医院急诊对面）""}"
报价单 2026年4月老百姓集团采购流水式粉碎机48台.xlsx	送货地址	44	"{""序号"": ""43"", ""打粉机主配门店"": ""常州万仁第三分公司"", ""打粉机主配数量（台）"": ""1"", ""配送地址"": ""江苏省常州市横山桥镇江南路55号宏桥家俱一楼万仁大药房""}"
报价单 2026年4月老百姓集团采购流水式粉碎机48台.xlsx	送货地址	45	"{""序号"": ""44"", ""打粉机主配门店"": ""无锡三品堂荣巷店"", ""打粉机主配数量（台）"": ""1"", ""配送地址"": ""江苏省无锡市滨湖区梁溪路868号老百姓大药房""}"
报价单 2026年4月老百姓集团采购流水式粉碎机48台.xlsx	送货地址	46	"{""序号"": ""45"", ""打粉机主配门店"": ""泰州市泰兴市泰兴店(芙蓉山庄)"", ""打粉机主配数量（台）"": ""1"", ""配送地址"": ""江苏省泰州市泰兴市济川中路39号与鼓楼东路交叉口北180米隆泰大药房（泰兴店）""}"
报价单 2026年4月老百姓集团采购流水式粉碎机48台.xlsx	送货地址	47	"{""序号"": ""46"", ""打粉机主配门店"": ""泰州市靖江市靖江店(老渔婆菜场西门)"", ""打粉机主配数量（台）"": ""1"", ""配送地址"": ""江苏省泰州市靖江市靖城镇渔婆北路85号隆泰大药房（靖江店）""}"
报价单 2026年4月老百姓集团采购流水式粉碎机48台.xlsx	送货地址	48	"{""序号"": ""47"", ""打粉机主配门店"": ""泰州市兴化市九顷店(苏源小区南门)"", ""打粉机主配数量（台）"": ""1"", ""配送地址"": ""江苏省泰州市兴化市板桥路与九顷路交叉口正南方向112米苏源南区""}"
报价单 2026年4月老百姓集团采购流水式粉碎机48台.xlsx	送货地址	49	"{""序号"": ""48"", ""打粉机主配门店"": ""扬州市邗江区兴城路店"", ""打粉机主配数量（台）"": ""1"", ""配送地址"": ""江苏省扬州市邗江区兴城东路73号老百姓大药房兴城路店""}"
昆中药项目物料需求-报价单.xlsx	订阅模式不含源代码	6	"{""填表须知： 1.物料由供应商安装、摆放至老百姓大药房的8家门店（具体门店地址暂未定，均在长沙市），安装、摆放完成时间为5月24日，活动预计持续至6月中旬，活动结束后，供应商需负责拆卸物料并运走； 2.物料供应商需出一名平面设计师和老百姓的设计师一起核对最终设计稿； 3.物料的数量可能有少量增减。"": ""序号"", ""列2"": ""物料类型"", ""列3"": ""尺寸"", ""列4"": ""材质"", ""列5"": ""门店数"", ""列6"": ""每家门店摆放数量"", ""列7"": ""总数量"", ""列8"": ""含税单价（元）"", ""列9"": ""小计（元）"", ""列10"": """"}"
昆中药项目物料需求-报价单.xlsx	订阅模式不含源代码	7	"{""填表须知： 1.物料由供应商安装、摆放至老百姓大药房的8家门店（具体门店地址暂未定，均在长沙市），安装、摆放完成时间为5月24日，活动预计持续至6月中旬，活动结束后，供应商需负责拆卸物料并运走； 2.物料供应商需出一名平面设计师和老百姓的设计师一起核对最终设计稿； 3.物料的数量可能有少量增减。"": ""1"", ""列2"": ""海报"", ""列3"": ""84*57cm"", ""列4"": ""白卡纸（双面）"", ""列5"": ""8"", ""列6"": ""2"", ""列7"": ""16"", ""列8"": """", ""列9"": """", ""列10"": """"}"
昆中药项目物料需求-报价单.xlsx	订阅模式不含源代码	8	"{""填表须知： 1.物料由供应商安装、摆放至老百姓大药房的8家门店（具体门店地址暂未定，均在长沙市），安装、摆放完成时间为5月24日，活动预计持续至6月中旬，活动结束后，供应商需负责拆卸物料并运走； 2.物料供应商需出一名平面设计师和老百姓的设计师一起核对最终设计稿； 3.物料的数量可能有少量增减。"": ""2"", ""列2"": ""刮刮乐"", ""列3"": ""A6"", ""列4"": ""铜版纸"", ""列5"": ""8"", ""列6"": ""200"", ""列7"": ""1600"", ""列8"": """", ""列9"": """", ""列10"": """"}"
昆中药项目物料需求-报价单.xlsx	订阅模式不含源代码	9	"{""填表须知： 1.物料由供应商安装、摆放至老百姓大药房的8家门店（具体门店地址暂未定，均在长沙市），安装、摆放完成时间为5月24日，活动预计持续至6月中旬，活动结束后，供应商需负责拆卸物料并运走； 2.物料供应商需出一名平面设计师和老百姓的设计师一起核对最终设计稿； 3.物料的数量可能有少量增减。"": ""3"", ""列2"": ""吊旗"", ""列3"": ""50×35cm"", ""列4"": ""冷板"", ""列5"": ""8"", ""列6"": ""20"", ""列7"": ""160"", ""列8"": """", ""列9"": """", ""列10"": """"}"
昆中药项目物料需求-报价单.xlsx	订阅模式不含源代码	10	"{""填表须知： 1.物料由供应商安装、摆放至老百姓大药房的8家门店（具体门店地址暂未定，均在长沙市），安装、摆放完成时间为5月24日，活动预计持续至6月中旬，活动结束后，供应商需负责拆卸物料并运走； 2.物料供应商需出一名平面设计师和老百姓的设计师一起核对最终设计稿； 3.物料的数量可能有少量增减。"": ""4"", ""列2"": ""橱窗画面"", ""列3"": ""566*248cm"", ""列4"": ""彩白彩玻璃贴"", ""列5"": ""8"", ""列6"": ""2"", ""列7"": ""16"", ""列8"": """", ""列9"": """", ""列10"": """"}"
昆中药项目物料需求-报价单.xlsx	订阅模式不含源代码	11	"{""填表须知： 1.物料由供应商安装、摆放至老百姓大药房的8家门店（具体门店地址暂未定，均在长沙市），安装、摆放完成时间为5月24日，活动预计持续至6月中旬，活动结束后，供应商需负责拆卸物料并运走； 2.物料供应商需出一名平面设计师和老百姓的设计师一起核对最终设计稿； 3.物料的数量可能有少量增减。"": ""5"", ""列2"": ""地贴"", ""列3"": ""100*100cm"", ""列4"": ""黑胶斜纹"", ""列5"": ""8"", ""列6"": ""2"", ""列7"": ""16"", ""列8"": """", ""列9"": """", ""列10"": """"}"
昆中药项目物料需求-报价单.xlsx	订阅模式不含源代码	12	"{""填表须知： 1.物料由供应商安装、摆放至老百姓大药房的8家门店（具体门店地址暂未定，均在长沙市），安装、摆放完成时间为5月24日，活动预计持续至6月中旬，活动结束后，供应商需负责拆卸物料并运走； 2.物料供应商需出一名平面设计师和老百姓的设计师一起核对最终设计稿； 3.物料的数量可能有少量增减。"": ""6"", ""列2"": ""KT板"", ""列3"": ""45cm*30cm"", ""列4"": ""KT板"", ""列5"": ""8"", ""列6"": ""3"", ""列7"": ""24"", ""列8"": """", ""列9"": """", ""列10"": """"}"
昆中药项目物料需求-报价单.xlsx	订阅模式不含源代码	13	"{""填表须知： 1.物料由供应商安装、摆放至老百姓大药房的8家门店（具体门店地址暂未定，均在长沙市），安装、摆放完成时间为5月24日，活动预计持续至6月中旬，活动结束后，供应商需负责拆卸物料并运走； 2.物料供应商需出一名平面设计师和老百姓的设计师一起核对最终设计稿； 3.物料的数量可能有少量增减。"": ""7"", ""列2"": ""氛围装置"", ""列3"": ""气球花或者其他和情绪、开心主题比较相关的氛围物料（每家门店100元预算）"", ""列4"": """", ""列5"": ""8"", ""列6"": ""若干"", ""列7"": ""若干"", ""列8"": ""100"", ""列9"": ""800"", ""列10"": """"}"
昆中药项目物料需求-报价单.xlsx	订阅模式不含源代码	14	"{""填表须知： 1.物料由供应商安装、摆放至老百姓大药房的8家门店（具体门店地址暂未定，均在长沙市），安装、摆放完成时间为5月24日，活动预计持续至6月中旬，活动结束后，供应商需负责拆卸物料并运走； 2.物料供应商需出一名平面设计师和老百姓的设计师一起核对最终设计稿； 3.物料的数量可能有少量增减。"": ""税率（%）"", ""列2"": """", ""列3"": """", ""列4"": """", ""列5"": """", ""列6"": """", ""列7"": """", ""列8"": """", ""列9"": """", ""列10"": """"}"
昆中药项目物料需求-报价单.xlsx	订阅模式不含源代码	15	"{""填表须知： 1.物料由供应商安装、摆放至老百姓大药房的8家门店（具体门店地址暂未定，均在长沙市），安装、摆放完成时间为5月24日，活动预计持续至6月中旬，活动结束后，供应商需负责拆卸物料并运走； 2.物料供应商需出一名平面设计师和老百姓的设计师一起核对最终设计稿； 3.物料的数量可能有少量增减。"": ""合计"", ""列2"": """", ""列3"": """", ""列4"": """", ""列5"": """", ""列6"": """", ""列7"": """", ""列8"": """", ""列9"": """", ""列10"": """"}"
昆中药项目物料需求-报价单_1.xlsx	订阅模式不含源代码	6	"{""填表须知： 1.物料由供应商安装、摆放至老百姓大药房的8家门店（具体门店地址暂未定，均在长沙市），安装、摆放完成时间为5月24日，活动预计持续至6月中旬，活动结束后，供应商需负责拆卸物料并运走； 2.物料供应商需出一名平面设计师和老百姓的设计师一起核对最终设计稿； 3.物料的数量可能有少量增减。"": ""序号"", ""列2"": ""物料类型"", ""列3"": ""尺寸"", ""列4"": ""材质"", ""列5"": ""门店数"", ""列6"": ""每家门店摆放数量"", ""列7"": ""总数量"", ""列8"": ""含税单价（元）"", ""列9"": ""小计（元）"", ""列10"": """"}"
昆中药项目物料需求-报价单_1.xlsx	订阅模式不含源代码	7	"{""填表须知： 1.物料由供应商安装、摆放至老百姓大药房的8家门店（具体门店地址暂未定，均在长沙市），安装、摆放完成时间为5月24日，活动预计持续至6月中旬，活动结束后，供应商需负责拆卸物料并运走； 2.物料供应商需出一名平面设计师和老百姓的设计师一起核对最终设计稿； 3.物料的数量可能有少量增减。"": ""1"", ""列2"": ""海报"", ""列3"": ""84*57cm"", ""列4"": ""白卡纸（双面）"", ""列5"": ""8"", ""列6"": ""2"", ""列7"": ""16"", ""列8"": """", ""列9"": """", ""列10"": """"}"
昆中药项目物料需求-报价单_1.xlsx	订阅模式不含源代码	8	"{""填表须知： 1.物料由供应商安装、摆放至老百姓大药房的8家门店（具体门店地址暂未定，均在长沙市），安装、摆放完成时间为5月24日，活动预计持续至6月中旬，活动结束后，供应商需负责拆卸物料并运走； 2.物料供应商需出一名平面设计师和老百姓的设计师一起核对最终设计稿； 3.物料的数量可能有少量增减。"": ""2"", ""列2"": ""刮刮乐"", ""列3"": ""A6"", ""列4"": ""铜版纸"", ""列5"": ""8"", ""列6"": ""200"", ""列7"": ""1600"", ""列8"": """", ""列9"": """", ""列10"": """"}"
昆中药项目物料需求-报价单_1.xlsx	订阅模式不含源代码	9	"{""填表须知： 1.物料由供应商安装、摆放至老百姓大药房的8家门店（具体门店地址暂未定，均在长沙市），安装、摆放完成时间为5月24日，活动预计持续至6月中旬，活动结束后，供应商需负责拆卸物料并运走； 2.物料供应商需出一名平面设计师和老百姓的设计师一起核对最终设计稿； 3.物料的数量可能有少量增减。"": ""3"", ""列2"": ""吊旗"", ""列3"": ""50×35cm"", ""列4"": ""冷板"", ""列5"": ""8"", ""列6"": ""20"", ""列7"": ""160"", ""列8"": """", ""列9"": """", ""列10"": """"}"
昆中药项目物料需求-报价单_1.xlsx	订阅模式不含源代码	10	"{""填表须知： 1.物料由供应商安装、摆放至老百姓大药房的8家门店（具体门店地址暂未定，均在长沙市），安装、摆放完成时间为5月24日，活动预计持续至6月中旬，活动结束后，供应商需负责拆卸物料并运走； 2.物料供应商需出一名平面设计师和老百姓的设计师一起核对最终设计稿； 3.物料的数量可能有少量增减。"": ""4"", ""列2"": ""橱窗画面"", ""列3"": ""566*248cm"", ""列4"": ""彩白彩玻璃贴"", ""列5"": ""8"", ""列6"": ""2"", ""列7"": ""16"", ""列8"": """", ""列9"": """", ""列10"": """"}"
昆中药项目物料需求-报价单_1.xlsx	订阅模式不含源代码	11	"{""填表须知： 1.物料由供应商安装、摆放至老百姓大药房的8家门店（具体门店地址暂未定，均在长沙市），安装、摆放完成时间为5月24日，活动预计持续至6月中旬，活动结束后，供应商需负责拆卸物料并运走； 2.物料供应商需出一名平面设计师和老百姓的设计师一起核对最终设计稿； 3.物料的数量可能有少量增减。"": ""5"", ""列2"": ""地贴"", ""列3"": ""100*100cm"", ""列4"": ""黑胶斜纹"", ""列5"": ""8"", ""列6"": ""2"", ""列7"": ""16"", ""列8"": """", ""列9"": """", ""列10"": """"}"
昆中药项目物料需求-报价单_1.xlsx	订阅模式不含源代码	12	"{""填表须知： 1.物料由供应商安装、摆放至老百姓大药房的8家门店（具体门店地址暂未定，均在长沙市），安装、摆放完成时间为5月24日，活动预计持续至6月中旬，活动结束后，供应商需负责拆卸物料并运走； 2.物料供应商需出一名平面设计师和老百姓的设计师一起核对最终设计稿； 3.物料的数量可能有少量增减。"": ""6"", ""列2"": ""KT板"", ""列3"": ""45cm*30cm"", ""列4"": ""KT板"", ""列5"": ""8"", ""列6"": ""3"", ""列7"": ""24"", ""列8"": """", ""列9"": """", ""列10"": """"}"
昆中药项目物料需求-报价单_1.xlsx	订阅模式不含源代码	13	"{""填表须知： 1.物料由供应商安装、摆放至老百姓大药房的8家门店（具体门店地址暂未定，均在长沙市），安装、摆放完成时间为5月24日，活动预计持续至6月中旬，活动结束后，供应商需负责拆卸物料并运走； 2.物料供应商需出一名平面设计师和老百姓的设计师一起核对最终设计稿； 3.物料的数量可能有少量增减。"": ""7"", ""列2"": ""氛围装置"", ""列3"": ""气球花或者其他和情绪、开心主题比较相关的氛围物料（每家门店100元预算）"", ""列4"": """", ""列5"": ""8"", ""列6"": ""若干"", ""列7"": ""若干"", ""列8"": ""100"", ""列9"": ""800"", ""列10"": """"}"
昆中药项目物料需求-报价单_1.xlsx	订阅模式不含源代码	14	"{""填表须知： 1.物料由供应商安装、摆放至老百姓大药房的8家门店（具体门店地址暂未定，均在长沙市），安装、摆放完成时间为5月24日，活动预计持续至6月中旬，活动结束后，供应商需负责拆卸物料并运走； 2.物料供应商需出一名平面设计师和老百姓的设计师一起核对最终设计稿； 3.物料的数量可能有少量增减。"": ""税率（%）"", ""列2"": """", ""列3"": """", ""列4"": """", ""列5"": """", ""列6"": """", ""列7"": """", ""列8"": """", ""列9"": """", ""列10"": """"}"
昆中药项目物料需求-报价单_1.xlsx	订阅模式不含源代码	15	"{""填表须知： 1.物料由供应商安装、摆放至老百姓大药房的8家门店（具体门店地址暂未定，均在长沙市），安装、摆放完成时间为5月24日，活动预计持续至6月中旬，活动结束后，供应商需负责拆卸物料并运走； 2.物料供应商需出一名平面设计师和老百姓的设计师一起核对最终设计稿； 3.物料的数量可能有少量增减。"": ""合计"", ""列2"": """", ""列3"": """", ""列4"": """", ""列5"": """", ""列6"": """", ""列7"": """", ""列8"": """", ""列9"": """", ""列10"": """"}"
附件五 2026 收银设备统采标准.xlsx	X. 电脑统采标准-X	6	"{""显示器"": """", ""2.1"": ""2.2"", ""标配型显示器"": ""大号型显示器"", ""1. 门店收银和办公台式机标配显示器。"": ""1. 总部办公台式机标配显示器。 2. 小型会议、洽谈室桌面屏。 3. 中高层管理办公室或工位桌面屏 4. 其它有必需双屏展示沟通的场景。"", ""屏幕尺寸：19.5寸 分辨率：1600*900 接口：VGA+HDMI 保修期：3年上门质保 颜色：黑色 其他：商用型，低蓝光，莱茵认证，支持双屏安装，底座不影响收银摆放。"": ""屏幕尺寸：23.8 寸 分辨率： 1920*1080 接口：VGA+HDMI 保修期：3年上门质保 颜色：黑色 其他：商用显示器，低蓝光，莱茵认证，3年质保"", ""2000"": ""200"", ""520"": ""750"", ""屏幕尺寸：21.5寸 分辨率： 1920*1080 接口：VGA+HDMI 保修期：3年上门质保 颜色：黑色 其他：商用型，低蓝光，莱茵认证，支持双屏安装，底座不影响收银摆放。"": ""屏幕尺寸：23.8 寸 分辨率： 1920*1080 接口：VGA+HDMI 保修期：3年上门质保 颜色：黑色 其他：商用显示器，低蓝光，莱茵认证，3年质保"", ""3000"": ""200"", ""600"": ""750"", ""主要变化： 1、19.5寸1600*900升级换到21.5寸 1920*1080 （市场主流生产21寸屏）"": ""主要变化：无"", ""1.联想： thinkvision TE22 2.惠普: HP P22vG5 3.华为： B3-211H"": ""1. 联想： thinkvision T24A 2. 惠普: HP P24v G5 3. 华为： B3-241H"", ""690"": ""750"", ""550"": ""650"", ""列18"": """", ""列19"": """", ""列20"": """", ""列21"": """", ""列22"": """", ""列23"": """"}"
附件五 2026 收银设备统采标准.xlsx	X. 电脑统采标准-X	7	"{""显示器"": ""笔记本"", ""2.1"": ""3.1"", ""标配型显示器"": ""标配型笔记本"", ""1. 门店收银和办公台式机标配显示器。"": ""1. 总部办公通用笔记本。"", ""屏幕尺寸：19.5寸 分辨率：1600*900 接口：VGA+HDMI 保修期：3年上门质保 颜色：黑色 其他：商用型，低蓝光，莱茵认证，支持双屏安装，底座不影响收银摆放。"": ""CPU：Intel 酷睿 i5 1235U 1.3G 10C 内存：16G DDR4 硬盘：512G SSD 屏幕：14寸 1920*1080 电池：45Wh，1年上门质保。 配件：包、鼠标 颜色：黑/银/灰 操作系统：win11 64位 保修：3年上门质保, 80万小时MTBF"", ""2000"": ""700"", ""520"": ""4450"", ""屏幕尺寸：21.5寸 分辨率： 1920*1080 接口：VGA+HDMI 保修期：3年上门质保 颜色：黑色 其他：商用型，低蓝光，莱茵认证，支持双屏安装，底座不影响收银摆放。"": ""CPU：Intel 酷睿i5-1340P 1.9G 12C 内存：16G DDR4 硬盘：512G SSD 屏幕：14寸 1920*1080 电池：50Wh，3年上门质保。 配件：包、鼠标 颜色：黑/银/灰 操作系统：win11 64位 保修：3年上门质保, 80万小时MTBF"", ""3000"": ""700"", ""600"": ""4500"", ""主要变化： 1、19.5寸1600*900升级换到21.5寸 1920*1080 （市场主流生产21寸屏）"": ""主要变化： 1、CPU：i5 1235U升级至i5-1340P或以上。 （市场配件更新换代） 2、电池保修1年改为3年.（统一到整机3年保修） 3. 原普通、普通大数据岗调整到\""标配型笔记本“ i5"", ""1.联想： thinkvision TE22 2.惠普: HP P22vG5 3.华为： B3-211H"": ""1.联想： 昭阳X5-14 2.惠普： ProBook 440 G10 3.华为： 擎云G540 Gen2"", ""690"": ""4400"", ""550"": ""4450"", ""列18"": """", ""列19"": """", ""列20"": """", ""列21"": """", ""列22"": """", ""列23"": """"}"
附件五 2026 收银设备统采标准.xlsx	X. 电脑统采标准-X	8	"{""显示器"": """", ""2.1"": ""3.2"", ""标配型显示器"": ""高配型笔记本"", ""1. 门店收银和办公台式机标配显示器。"": ""1. 运产研测的技术处理岗位 2.*需大量数据和图形处理场景 3. 高管办公用笔记本。"", ""屏幕尺寸：19.5寸 分辨率：1600*900 接口：VGA+HDMI 保修期：3年上门质保 颜色：黑色 其他：商用型，低蓝光，莱茵认证，支持双屏安装，底座不影响收银摆放。"": ""CPU：Intel 酷睿 i7-1255U 1.7G 10C 内存：16G DDR4 硬盘：512G SSD 屏幕：14寸 1920*1080 电池：45Wh，1年上门质保。 配件：包、鼠标 颜色：黑/银/灰 操作系统：win11 64位 保修：3年上门质保, 80万小时MTBF"", ""2000"": ""300"", ""520"": ""5200"", ""屏幕尺寸：21.5寸 分辨率： 1920*1080 接口：VGA+HDMI 保修期：3年上门质保 颜色：黑色 其他：商用型，低蓝光，莱茵认证，支持双屏安装，底座不影响收银摆放。"": ""CPU：Intel 酷睿i7-1360P 2.2G 12C 内存：16G DDR4 硬盘：512G SSD 屏幕：14寸 1920*1080 电池：50Wh，3年上门质保。 配件：包、鼠标 颜色：黑/银/灰 操作系统：win11 64位 保修：3年上门质保, 80万小时MTBF"", ""3000"": ""300"", ""600"": ""5200"", ""主要变化： 1、19.5寸1600*900升级换到21.5寸 1920*1080 （市场主流生产21寸屏）"": ""主要变化： 1、CPU：i7-1255U 升级至 i7-1360P或以上（市场配件更新换代） 2、电池保修1年改为3年.（统一到整机3年保修） 3. 原专职大数据及高层岗调整到\""高配型笔记本“ i7 。特殊型号需求单独申请采购。"", ""1.联想： thinkvision TE22 2.惠普: HP P22vG5 3.华为： B3-211H"": ""1.联想： 昭阳X5-14 2.惠普： ProBook 440 G10 3.华为： 擎云G540 Gen2"", ""690"": ""5200"", ""550"": ""5200"", ""列18"": """", ""列19"": """", ""列20"": """", ""列21"": """", ""列22"": """", ""列23"": """"}"
附件五 2026 收银设备统采标准.xlsx	X. 电脑统采标准-X	9	"{""显示器"": ""说明："", ""2.1"": """", ""标配型显示器"": """", ""1. 门店收银和办公台式机标配显示器。"": ""1、统采配置参数以满足工作需要为前提，商用型为基础，一线品牌，中档价格、可靠品质，市场主流配置，同档次竞争，兼顾售后服务网点覆盖，易维修更换。 2、集团年采购量在50台及以上设备，纳入统采固定型号标准，应标配置可等于或高于标准参数。 3、电脑设备统采清单以外设备，部门特殊需求，需求部门发起OA【资产采购申请单】，可由行政与统采供应商处沟通购买 *需大量数据和图形处理场景，指每天需要对单页数据量在20万行以上表格数据文件进行运算处理的岗位工作，或每天需要处理CAD或图片编辑的岗位工作。"", ""屏幕尺寸：19.5寸 分辨率：1600*900 接口：VGA+HDMI 保修期：3年上门质保 颜色：黑色 其他：商用型，低蓝光，莱茵认证，支持双屏安装，底座不影响收银摆放。"": """", ""2000"": """", ""520"": """", ""屏幕尺寸：21.5寸 分辨率： 1920*1080 接口：VGA+HDMI 保修期：3年上门质保 颜色：黑色 其他：商用型，低蓝光，莱茵认证，支持双屏安装，底座不影响收银摆放。"": """", ""3000"": """", ""600"": """", ""主要变化： 1、19.5寸1600*900升级换到21.5寸 1920*1080 （市场主流生产21寸屏）"": """", ""1.联想： thinkvision TE22 2.惠普: HP P22vG5 3.华为： B3-211H"": """", ""690"": """", ""550"": """", ""列18"": """", ""列19"": """", ""列20"": """", ""列21"": """", ""列22"": """", ""列23"": """"}"
附件五 2026 收银设备统采标准.xlsx	X. 电脑统采标准-X	10	"{""显示器"": """", ""2.1"": """", ""标配型显示器"": """", ""1. 门店收银和办公台式机标配显示器。"": """", ""屏幕尺寸：19.5寸 分辨率：1600*900 接口：VGA+HDMI 保修期：3年上门质保 颜色：黑色 其他：商用型，低蓝光，莱茵认证，支持双屏安装，底座不影响收银摆放。"": """", ""2000"": """", ""520"": """", ""屏幕尺寸：21.5寸 分辨率： 1920*1080 接口：VGA+HDMI 保修期：3年上门质保 颜色：黑色 其他：商用型，低蓝光，莱茵认证，支持双屏安装，底座不影响收银摆放。"": """", ""3000"": """", ""600"": """", ""主要变化： 1、19.5寸1600*900升级换到21.5寸 1920*1080 （市场主流生产21寸屏）"": ""15800000"", ""1.联想： thinkvision TE22 2.惠普: HP P22vG5 3.华为： B3-211H"": """", ""690"": """", ""550"": """", ""列18"": """", ""列19"": """", ""列20"": """", ""列21"": """", ""列22"": """", ""列23"": """"}"
附件五 2026 收银设备统采标准.xlsx	X. 电脑统采标准-X	11	"{""显示器"": ""服务要求："", ""2.1"": """", ""标配型显示器"": """", ""1. 门店收银和办公台式机标配显示器。"": ""大客户服务要求： 1. 全国6年7*24小时小门服务，半小时响应，次日上门修复。 2. 客户服务日及机房巡检，定期客户维护IT设备，总部服务日季度1次。 3. 客户特别紧急将付需求，升级关怀交付。 4. 备件优先，备件及换机优先处理 5. 关键事件免费升级 6. 意外损坏一次免费更换处理 7. 耗材赠送，一定量的鼠标垫，键鼠。 8. 一站式安装，定制部署服务"", ""屏幕尺寸：19.5寸 分辨率：1600*900 接口：VGA+HDMI 保修期：3年上门质保 颜色：黑色 其他：商用型，低蓝光，莱茵认证，支持双屏安装，底座不影响收银摆放。"": """", ""2000"": """", ""520"": """", ""屏幕尺寸：21.5寸 分辨率： 1920*1080 接口：VGA+HDMI 保修期：3年上门质保 颜色：黑色 其他：商用型，低蓝光，莱茵认证，支持双屏安装，底座不影响收银摆放。"": """", ""3000"": """", ""600"": """", ""主要变化： 1、19.5寸1600*900升级换到21.5寸 1920*1080 （市场主流生产21寸屏）"": """", ""1.联想： thinkvision TE22 2.惠普: HP P22vG5 3.华为： B3-211H"": """", ""690"": """", ""550"": """", ""列18"": """", ""列19"": """", ""列20"": """", ""列21"": """", ""列22"": """", ""列23"": """"}"
