url	source
http://srm.lbxdrugs.com:6066/srm/coframe/auth/login/redirect.jsp	js_app.0ab56e22.js.txt
https://bidding.lbxdrugs.com/	js_app.0ab56e22.js.txt
https://cas.lbxdrugs.com:18443	js_app.0ab56e22.js.txt
https://cpmstest.lbxcn.com/cpms	js_app.0ab56e22.js.txt
https://msapi.lbxcn.com:31443/	js_app.0ab56e22.js.txt
https://scep.lbxcn.com	js_app.0ab56e22.js.txt
https://scep.lbxcn.com/srm	js_app.0ab56e22.js.txt
https://scep.lbxcn.com/zcxy/	js_app.0ab56e22.js.txt
https://supply-api-new.lbxcn.com/	js_app.0ab56e22.js.txt
https://supply-scmpweb-test.lbxcn.com/	js_app.0ab56e22.js.txt
https://map.qq.com/api/gljs?v=1.exp	js_ceccjquery.min.js,require.min.js,lib.min.js,page.min.js.txt
http://msapi.lbxcn.com:31380/	js_chunk-vendors.0aaf15be.js.txt
http://srm.lbxdrugs.com:6066/srm/coframe/auth/login/redirect.jsp	js_chunk-vendors.0aaf15be.js.txt
https://cas.lbxdrugs.com:18443	js_chunk-vendors.0aaf15be.js.txt
https://msapi.lbxcn.com:31443/	js_chunk-vendors.0aaf15be.js.txt
https://scep.lbxcn.com	js_chunk-vendors.0aaf15be.js.txt
https://scep.lbxcn.com/srm	js_chunk-vendors.0aaf15be.js.txt
https://scep.lbxcn.com/zcxy/	js_chunk-vendors.0aaf15be.js.txt
https://supply-api-new.lbxcn.com	js_chunk-vendors.0aaf15be.js.txt
https://supply-api-new.lbxcn.com/	js_chunk-vendors.0aaf15be.js.txt
